id,event_name,total_area,total_heat,total_pm25,total_pm10,total_pm,total_co,total_co2,total_ch4,total_nmhc,total_nox,total_nh3,total_so2,total_voc,total_bc,total_h2,total_nmoc,total_no,total_no2,total_oc,total_tpc,total_tpm
SF11E100331,Red Shale Fire,9916.539301213948,1238363351414.6016,4897.804421000001,5779.409294999998,0,58239.3361,597735.80045,2815.9077669999983,0,632.0567169999999,952.6995590000001,387.9445660000002,13695.056444,0,0,0,0,0,0,0,0
SF11E116243,Crescendo Fire,749.9999981372969,37531724283.3461,514.320435,606.8982060000001,0,6161.441705999999,60412.192679999986,296.830953,0,61.789601999999995,100.69234799999998,39.489710999999986,1447.45308,0,0,0,0,0,0,0,0
SF11E227301,Aspen Fire,16352.629281184803,1881848069978.8828,6559.726672,7740.477303999999,0,78089.03287100003,796025.9340179998,3773.5779300000013,0,837.708832,1277.2179969999995,517.1795750000002,18360.010508,0,0,0,0,0,0,0,0
SF11E41878,Lime Hills Fire,522.9643501056933,23431993361.5151,398.5106159999999,470.2425240000001,0,4933.313982,38599.265406,233.93536799999995,0,31.90916400000001,80.280654,26.247552000000002,1154.03553,0,0,0,0,0,0,0,0
SF11E41904,Silver Fire,188.34059840606977,3990982880.8602242,41.57353199999999,49.05670200000002,0,483.88954200000006,5612.801945999998,23.643071999999997,0,6.413502,7.9383,3.578573999999999,114.11173799999997,0,0,0,0,0,0,0,0
SF11E41928,Moore Creek Fire,630.8463991972811,24159777720.48607,161.087976,190.083852,0,1841.3234369999993,23482.682127,90.77905800000002,0,28.223955000000007,30.281004000000003,14.785325999999998,435.290679,0,0,0,0,0,0,0,0
SF11E42334,West Fork Complex,151.52577414854537,3775093988.829075,88.64348400000003,104.59936799999998,0,1051.7001210000003,10939.417694999998,50.90572799999998,0,11.675142,17.209260000000004,7.085592000000001,247.38154200000002,0,0,0,0,0,0,0,0
SF11E43418,Shaktoolik River Fire,152.7984919297161,9436272877.739962,350.32155300000005,413.379234,0,4317.204843000001,34939.939229999996,205.162938,0,30.011525999999993,70.29505799999998,23.607711000000002,1010.4937200000004,0,0,0,0,0,0,0,0
SF11E47843,Sycamore Fire,11.863979819401047,6511146.495096,0.556044,0.65613,0,5.863031999999999,106.49491799999996,0.301146,0,0.14683200000000002,0.09754799999999998,0.06450000000000002,1.4019659999999996,0,0,0,0,0,0,0,0
SF11E49642,Kanuti River 1 Fire,14.032945197259886,24502436.850311,4.033189999999999,4.759034,0,47.14278800000001,534.2334409999999,2.2987159999999998,0,0.6021610000000002,0.7730030000000002,0.34178900000000006,11.111078999999998,0,0,0,0,0,0,0,0
SF11E49792,Sulatna River Fire,354.39471545444104,45708350197.65742,812.5214379999999,958.7752100000001,0,10013.152285999999,81038.298532,475.8469369999999,0,69.60758200000002,163.03987500000002,54.75502000000001,2343.698832,0,0,0,0,0,0,0,0
SF11E49797,Dead Fish Lake Fire,42.14931455777529,724921287.5278419,96.63584799999998,114.03022800000001,0,1190.896739,9638.148048999998,56.594015,0,8.278660000000002,19.390876,6.512208,278.743743,0,0,0,0,0,0,0,0
SF11E49804,Titna Fire,29.601818876509366,455540363.446374,67.868137,80.08434299999998,0,836.3768019999999,6768.952608000001,39.746415999999996,0,5.814176000000001,13.618373000000002,4.573556999999999,195.76412099999996,0,0,0,0,0,0,0,0
SF11E49812,Siruk Creek Fire,140.55240768255825,4026390809.5707517,56.05524,66.14524400000002,0,677.3304599999999,6285.207739999998,32.49494800000001,0,6.1528,11.056732,4.145452,158.94062800000003,0,0,0,0,0,0,0,0
SF11E51908,"Unnamed fire in Minganie--basse-côte-nord, Qc, Canada",2799.9999930459076,0,0,0,0,0,0,0,0,0,0,0,0,0,0,0,0,0,0,0,0
SF11E53677,"Unnamed fire in Division No. 18, Sk, Canada",49099.99987805502,0,0,0,0,0,0,0,0,0,0,0,0,0,0,0,0,0,0,0,0
SF11E54436,"Unnamed fire in Fort Smith Region, Nt, Canada",5099.99998733362,0,0,0,0,0,0,0,0,0,0,0,0,0,0,0,0,0,0,0,0
SF11E56061,West Battle Creek Fire,4.832296543449855,3921450.6460800003,2.8268730000000004,3.335778,0,33.539604999999995,348.8680990000001,1.6234139999999997,0,0.372349,0.5487709999999999,0.22589599999999999,7.889286,0,0,0,0,0,0,0,0
SF11E56297,"Unnamed fire in Fort Smith Region, Nt, Canada",5999.999985098375,0,0,0,0,0,0,0,0,0,0,0,0,0,0,0,0,0,0,0,0
SF11E56451,"Unnamed fire in Pendiente, Quintana Roo, Mexico",599.9999985098376,0,0,0,0,0,0,0,0,0,0,0,0,0,0,0,0,0,0,0,0
SF11E56477,"Unnamed fire in Minganie--basse-côte-nord, Qc, Canada",3599.999991059029,0,0,0,0,0,0,0,0,0,0,0,0,0,0,0,0,0,0,0,0
SF11E56492,"Unnamed fire in Division No. 22, Mb, Canada",32199.999920027938,0,0,0,0,0,0,0,0,0,0,0,0,0,0,0,0,0,0,0,0
SF11E57008,"Unnamed fire in Fort Smith Region, Nt, Canada",11199.99997218363,0,0,0,0,0,0,0,0,0,0,0,0,0,0,0,0,0,0,0,0
SF11E57014,"Unnamed fire in Division No. 18, Sk, Canada",8599.99997864101,0,0,0,0,0,0,0,0,0,0,0,0,0,0,0,0,0,0,0,0
SF11E57090,"Unnamed fire in Trinity County, Texas",279.99999930459086,4534382852.23096,16.372927999999995,19.32003999999999,0,167.550108,3397.3066719999997,8.741532000000003,0,4.833995999999999,2.799412000000001,2.038236000000001,40.24162,0,0,0,0,0,0,0,0
SF11E57117,"Unnamed fire in Fort Smith Region, Nt, Canada",2399.9999940393504,0,0,0,0,0,0,0,0,0,0,0,0,0,0,0,0,0,0,0,0
SF11E57119,"Unnamed fire in Division No. 17, Ab, Canada",1199.9999970196752,0,0,0,0,0,0,0,0,0,0,0,0,0,0,0,0,0,0,0,0
SF11E57280,"Unnamed fire in Division No. 18, Sk, Canada",271599.9993254527,0,0,0,0,0,0,0,0,0,0,0,0,0,0,0,0,0,0,0,0
SF11E57415,Stable Fire,19.14115611433749,11561130.788094003,1.4643960000000003,1.7279399999999996,0,17.368038000000002,180.99570000000003,0.840816,0,0.1934339999999999,0.284184,0.11716800000000001,4.085412,0,0,0,0,0,0,0,0
SF11E57584,"Unnamed fire in Mexicali, Baja California, Mexico",799.9999980131169,0,0,0,0,0,0,0,0,0,0,0,0,0,0,0,0,0,0,0,0
SF11E57585,"Unnamed fire in Fort Smith Region, Nt, Canada",23199.99994238039,0,0,0,0,0,0,0,0,0,0,0,0,0,0,0,0,0,0,0,0
SF11E57586,"Unnamed fire in Division No. 23, Mb, Canada",3599.9999910590263,0,0,0,0,0,0,0,0,0,0,0,0,0,0,0,0,0,0,0,0
SF11E57604,"Unnamed fire in Fort Smith Region, Nt, Canada",1599.9999960262344,0,0,0,0,0,0,0,0,0,0,0,0,0,0,0,0,0,0,0,0
SF11E57625,"Unnamed fire in Mexicali, Baja California, Mexico",399.9999990065584,0,0,0,0,0,0,0,0,0,0,0,0,0,0,0,0,0,0,0,0
SF11E57626,"Unnamed fire in Sacramento County, California",399.9999990065584,4558771431.268288,19.976511999999996,23.572292000000004,0,215.01130399999997,3599.3615080000004,10.927468,0,4.83676,3.5658879999999993,2.197692,51.259156000000004,0,0,0,0,0,0,0,0
SF11E57642,"Unnamed fire in Kenora District, On, Canada",24299.999939648427,0,0,0,0,0,0,0,0,0,0,0,0,0,0,0,0,0,0,0,0
SF11E57650,"Unnamed fire in Central Kootenay Regional District, Bc, Canada",1299.9999967713147,0,0,0,0,0,0,0,0,0,0,0,0,0,0,0,0,0,0,0,0
SF11E57675,"Unnamed fire in Division No. 17, Ab, Canada",899.9999977647565,0,0,0,0,0,0,0,0,0,0,0,0,0,0,0,0,0,0,0,0
SF11E57683,"Unnamed fire in Division No. 17, Ab, Canada",799.9999980131169,0,0,0,0,0,0,0,0,0,0,0,0,0,0,0,0,0,0,0,0
SF11E57699,"Unnamed fire in Gonzalez, Tamaulipas, Mexico",399.9999990065584,0,0,0,0,0,0,0,0,0,0,0,0,0,0,0,0,0,0,0,0
SF11E57718,"Unnamed fire in Fort Smith Region, Nt, Canada",7999.999980131174,0,0,0,0,0,0,0,0,0,0,0,0,0,0,0,0,0,0,0,0
SF11E57721,"Unnamed fire in Division No. 16, Ab, Canada",13199.999967216432,0,0,0,0,0,0,0,0,0,0,0,0,0,0,0,0,0,0,0,0
SF11E57731,"Unnamed fire in Fort Smith Region, Nt, Canada",399.99999900655854,0,0,0,0,0,0,0,0,0,0,0,0,0,0,0,0,0,0,0,0
SF11E58052,Mill Creek Fire,892.2739703866847,34156874711.050518,188.11461999999995,221.975252,0,2150.9872000000005,27384.548636,106.02768000000002,0,32.885580000000004,35.37192799999999,17.245804000000007,508.471636,0,0,0,0,0,0,0,0
SF11E58319,"Unnamed fire in Fort Smith Region, Nt, Canada",1799.999995529513,0,0,0,0,0,0,0,0,0,0,0,0,0,0,0,0,0,0,0,0
SF11E58320,"Unnamed fire in Cameron County, Louisiana",3599.9999910590263,165597119277.1815,3326.5619480000005,3925.3432200000016,0,41711.555268,294842.887512,1965.9112599999999,0,213.14209199999993,677.6794440000002,204.60068,9741.642143999998,0,0,0,0,0,0,0,0
SF11E58337,"Unnamed fire in Bulloch County, Georgia",399.9999990065584,4395132213.920317,18.125651999999995,21.38830799999999,0,192.83057200000002,3382.362052,9.859116,0,4.615156,3.203336,2.055796,46.048652000000004,0,0,0,0,0,0,0,0
SF11E58351,"Unnamed fire in Fort Smith Region, Nt, Canada",14399.9999642361,0,0,0,0,0,0,0,0,0,0,0,0,0,0,0,0,0,0,0,0
SF11E58356,"Unnamed fire in Newton County, Texas",279.99999930459086,4534382852.23096,16.372927999999995,19.32003999999999,0,167.550108,3397.3066719999997,8.741532000000003,0,4.833995999999999,2.799412000000001,2.038236000000001,40.24162,0,0,0,0,0,0,0,0
SF11E58363,"Unnamed fire in Division No. 23, Mb, Canada",1799.9999955295127,0,0,0,0,0,0,0,0,0,0,0,0,0,0,0,0,0,0,0,0
SF11E58364,"Unnamed fire in Beauregard County, Louisiana",279.99999930459086,2813119048.724433,14.550308000000003,17.169448000000006,0,160.11441600000003,2440.9092679999994,8.046079999999998,0,3.1714239999999996,2.6470720000000005,1.5049680000000003,38.051419999999986,0,0,0,0,0,0,0,0
SF11E58370,"Unnamed fire in Fort Smith Region, Nt, Canada",2399.9999940393504,0,0,0,0,0,0,0,0,0,0,0,0,0,0,0,0,0,0,0,0
SF11E58371,"Unnamed fire in Maui County, Hawaii",399.9999990065584,0,0,0,0,0,0,0,0,0,0,0,0,0,0,0,0,0,0,0,0
SF11E58372,"Unnamed fire in Fort Smith Region, Nt, Canada",24399.999939400062,0,0,0,0,0,0,0,0,0,0,0,0,0,0,0,0,0,0,0,0
SF11E58378,"Unnamed fire in Fort Smith Region, Nt, Canada",1199.9999970196752,0,0,0,0,0,0,0,0,0,0,0,0,0,0,0,0,0,0,0,0
SF11E58395,"Unnamed fire in Lazaro Cardenas, Quintana Roo, Mexico",399.9999990065584,0,0,0,0,0,0,0,0,0,0,0,0,0,0,0,0,0,0,0,0
SF11E58418,"Unnamed fire in Division No. 23, Mb, Canada",81599.99979733798,0,0,0,0,0,0,0,0,0,0,0,0,0,0,0,0,0,0,0,0
SF11E58427,"Unnamed fire in St. Helena County, Louisiana",559.9999986091817,1185194915.727228,4.110083999999999,4.849919999999999,0,42.33803600000001,838.481684,2.2012879999999995,0,1.1855479999999998,0.7066600000000002,0.50408,10.158639999999997,0,0,0,0,0,0,0,0
SF11E58428,"Unnamed fire in Minganie--basse-côte-nord, Qc, Canada",6599.999983608215,0,0,0,0,0,0,0,0,0,0,0,0,0,0,0,0,0,0,0,0
SF11E58431,"Unnamed fire in Fort Smith Region, Nt, Canada",22799.99994337383,0,0,0,0,0,0,0,0,0,0,0,0,0,0,0,0,0,0,0,0
SF11E58435,"Unnamed fire in Division No. 23, Mb, Canada",30899.99992325662,0,0,0,0,0,0,0,0,0,0,0,0,0,0,0,0,0,0,0,0
SF11E58438,"Unnamed fire in Fort Smith Region, Nt, Canada",399.9999990065584,0,0,0,0,0,0,0,0,0,0,0,0,0,0,0,0,0,0,0,0
SF11E58442,"Unnamed fire in Division No. 23, Mb, Canada",3099.999992300828,0,0,0,0,0,0,0,0,0,0,0,0,0,0,0,0,0,0,0,0
SF11E58446,"Unnamed fire in Division No. 18, Sk, Canada",3599.999991059026,0,0,0,0,0,0,0,0,0,0,0,0,0,0,0,0,0,0,0,0
SF11E58453,"Unnamed fire in Sampson County, North Carolina",699.9999982614772,7691481374.360556,31.719890999999997,37.429538999999984,0,337.4535010000001,5919.133591,17.253453,0,8.076523,5.605838,3.5976430000000006,80.58514100000001,0,0,0,0,0,0,0,0
SF11E58458,"Unnamed fire in Division No. 17, Ab, Canada",399.9999990065584,0,0,0,0,0,0,0,0,0,0,0,0,0,0,0,0,0,0,0,0
SF11E58464,"Unnamed fire in Crane County, Texas",2199.9999945360714,31982569793.29055,76.82020799999998,90.64780399999998,0,815.7958360000001,14410.327537999998,41.74890100000001,0,19.706188000000004,13.555887000000002,8.752738,194.86572099999998,0,0,0,0,0,0,0,0
SF11E58468,Unknown Fire,399.9999990065584,0,0,0,0,0,0,0,0,0,0,0,0,0,0,0,0,0,0,0,0
SF11E58470,"Unnamed fire in Division No. 16, Ab, Canada",5999.999985098379,0,0,0,0,0,0,0,0,0,0,0,0,0,0,0,0,0,0,0,0
SF11E58483,"Unnamed fire in Division No. 23, Mb, Canada",51499.99987209439,0,0,0,0,0,0,0,0,0,0,0,0,0,0,0,0,0,0,0,0
SF11E58489,"Unnamed fire in Whatcom County, Washington",183.99999954301688,9612830106.16109,143.64144399999995,169.49693599999998,0,1743.8532479999994,15683.244975999998,83.47100000000002,0,14.944588,28.449220000000004,10.398888000000001,408.957784,0,0,0,0,0,0,0,0
SF11E58501,"Unnamed fire in Fort Smith Region, Nt, Canada",399.9999990065584,0,0,0,0,0,0,0,0,0,0,0,0,0,0,0,0,0,0,0,0
SF11E58819,Currant Creek Fire,1299.8260837282687,213715418608.59256,2980.1137200000007,3516.5341839999996,0,36725.594039999996,297227.0454880001,1745.2806720000003,0,255.30222400000002,597.9874080000001,200.82664000000003,8596.067624000001,0,0,0,0,0,0,0,0
SF11E58993,Fatty Martin  (s-1) Fire,383.21140724789814,1520051240.1363819,6.2001040000000005,7.316084,0,63.32747699999997,1292.6498049999998,3.307311999999999,0,1.8425380000000005,1.0583479999999998,0.775081,15.214119999999998,0,0,0,0,0,0,0,0
SF11E58994,Big Salt Fire,19.82154475691608,92518757.65432,7.21732,8.516464000000003,0,85.742008,884.8881520000001,4.147532,0,0.9393200000000002,1.4027519999999996,0.5738480000000002,20.164808000000004,0,0,0,0,0,0,0,0
SF11E58997,Rush Lake Fire,202.03712576485816,194352427.05099797,1.065891,1.2577010000000002,0,10.936405000000002,219.68203999999994,0.569803,0,0.311806,0.182677,0.13187700000000002,2.625626,0,0,0,0,0,0,0,0
SF11E59169,"Unnamed fire in Tenabo, Campeche, Mexico",399.9999990065584,0,0,0,0,0,0,0,0,0,0,0,0,0,0,0,0,0,0,0,0
SF11E59170,"Unnamed fire in Decatur County, Georgia",399.9999990065584,4395132213.920317,18.125651999999995,21.38830799999999,0,192.83057200000002,3382.362052,9.859116,0,4.615156,3.203336,2.055796,46.048652000000004,0,0,0,0,0,0,0,0
SF11E59171,"Unnamed fire in Monclova, Coahuila, Mexico",399.9999990065584,0,0,0,0,0,0,0,0,0,0,0,0,0,0,0,0,0,0,0,0
SF11E59172,"Unnamed fire in Bonneville County, Idaho",399.9999990065584,605705486.7416201,2.110304,2.4901280000000003,0,21.652404,434.93396399999995,1.128116,0,0.6173439999999999,0.36165200000000003,0.2611359999999999,5.198336,0,0,0,0,0,0,0,0
SF11E59173,"Unnamed fire in Valladolid, Yucatan, Mexico",399.9999990065584,0,0,0,0,0,0,0,0,0,0,0,0,0,0,0,0,0,0,0,0
SF11E59175,"Unnamed fire in Guasave, Sinaloa, Mexico",399.9999990065584,0,0,0,0,0,0,0,0,0,0,0,0,0,0,0,0,0,0,0,0
SF11E59177,"Unnamed fire in Columbus County, North Carolina",1199.9999970196752,14226036498.288107,54.37700799999999,64.16488799999999,0,578.491832,10147.085971999999,29.577348,0,13.845499999999998,9.610127999999998,6.167439999999998,138.146068,0,0,0,0,0,0,0,0
SF11E59178,"Unnamed fire in Santiago Jocotepec, Oaxaca, Mexico",399.9999990065584,0,0,0,0,0,0,0,0,0,0,0,0,0,0,0,0,0,0,0,0
SF11E59180,"Unnamed fire in Division No.  6, Sk, Canada",2399.9999940393504,0,0,0,0,0,0,0,0,0,0,0,0,0,0,0,0,0,0,0,0
SF11E59181,"Unnamed fire in Fort Smith Region, Nt, Canada",36599.99990910009,0,0,0,0,0,0,0,0,0,0,0,0,0,0,0,0,0,0,0,0
SF11E59182,"Unnamed fire in Fresnillo, Zacatecas, Mexico",399.9999990065584,0,0,0,0,0,0,0,0,0,0,0,0,0,0,0,0,0,0,0,0
SF11E59183,"Unnamed fire in Marengo County, Alabama",1199.9999970196752,18350657625.403248,54.37696000000002,64.164852,0,578.4917759999998,10147.085963999998,29.577364000000003,0,13.845500000000001,9.610188000000003,6.167451999999999,138.14605199999994,0,0,0,0,0,0,0,0
SF11E59184,"Unnamed fire in Mexicali, Baja California, Mexico",399.9999990065584,0,0,0,0,0,0,0,0,0,0,0,0,0,0,0,0,0,0,0,0
SF11E59185,Unknown Fire,399.9999990065584,0,0,0,0,0,0,0,0,0,0,0,0,0,0,0,0,0,0,0,0
SF11E59186,"Unnamed fire in Division No. 23, Mb, Canada",1499.9999962745937,0,0,0,0,0,0,0,0,0,0,0,0,0,0,0,0,0,0,0,0
SF11E59187,"Unnamed fire in Grey County, On, Canada",399.9999990065584,0,0,0,0,0,0,0,0,0,0,0,0,0,0,0,0,0,0,0,0
SF11E59188,"Unnamed fire in Cajeme, Sonora, Mexico",399.9999990065584,0,0,0,0,0,0,0,0,0,0,0,0,0,0,0,0,0,0,0,0
SF11E59189,"Unnamed fire in Gage County, Nebraska",399.9999990065584,4522322672.461755,19.552931999999995,23.072560000000006,0,209.92715199999995,3550.116552,10.682764,0,4.786816000000003,3.4827919999999994,2.1654839999999993,50.065128,0,0,0,0,0,0,0,0
SF11E59190,"Unnamed fire in Jerez De Garcia Salinas, Zacatecas, Mexico",399.9999990065584,0,0,0,0,0,0,0,0,0,0,0,0,0,0,0,0,0,0,0,0
SF11E59191,Unknown Fire,399.9999990065584,0,0,0,0,0,0,0,0,0,0,0,0,0,0,0,0,0,0,0,0
SF11E59192,"Unnamed fire in Fort Smith Region, Nt, Canada",399.9999990065584,0,0,0,0,0,0,0,0,0,0,0,0,0,0,0,0,0,0,0,0
SF11E59193,Unknown Fire,399.9999990065584,0,0,0,0,0,0,0,0,0,0,0,0,0,0,0,0,0,0,0,0
SF11E59195,"Unnamed fire in Angostura, Sinaloa, Mexico",399.9999990065584,0,0,0,0,0,0,0,0,0,0,0,0,0,0,0,0,0,0,0,0
SF11E59197,"Unnamed fire in Decatur County, Georgia",399.9999990065584,4395132213.920317,18.125651999999995,21.38830799999999,0,192.83057200000002,3382.362052,9.859116,0,4.615156,3.203336,2.055796,46.048652000000004,0,0,0,0,0,0,0,0
SF11E59198,"Unnamed fire in Hermosillo, Sonora, Mexico",399.9999990065584,0,0,0,0,0,0,0,0,0,0,0,0,0,0,0,0,0,0,0,0
SF11E59199,"Unnamed fire in Ensenada, Baja California, Mexico",399.9999990065584,0,0,0,0,0,0,0,0,0,0,0,0,0,0,0,0,0,0,0,0
SF11E59200,"Unnamed fire in Ahome, Sinaloa, Mexico",399.9999990065584,0,0,0,0,0,0,0,0,0,0,0,0,0,0,0,0,0,0,0,0
SF11E59201,"Unnamed fire in Mexicali, Baja California, Mexico",399.9999990065584,0,0,0,0,0,0,0,0,0,0,0,0,0,0,0,0,0,0,0,0
SF11E59202,Unknown Fire,399.9999990065584,0,0,0,0,0,0,0,0,0,0,0,0,0,0,0,0,0,0,0,0
SF11E59203,"Unnamed fire in Dawson County, Texas",399.9999990065584,4395132213.920317,18.125651999999995,21.38830799999999,0,192.83057200000002,3382.362052,9.859116,0,4.615156,3.203336,2.055796,46.048652000000004,0,0,0,0,0,0,0,0
SF11E59204,"Unnamed fire in Atlangatepec, Tlaxcala, Mexico",399.9999990065584,0,0,0,0,0,0,0,0,0,0,0,0,0,0,0,0,0,0,0,0
SF11E59205,Unknown Fire,399.9999990065584,0,0,0,0,0,0,0,0,0,0,0,0,0,0,0,0,0,0,0,0
SF11E59206,Unknown Fire,699.9999982614772,0,0,0,0,0,0,0,0,0,0,0,0,0,0,0,0,0,0,0,0
SF11E59207,"Unnamed fire in Division No. 23, Mb, Canada",3599.9999910590254,0,0,0,0,0,0,0,0,0,0,0,0,0,0,0,0,0,0,0,0
SF11E59209,"Unnamed fire in Anahuac, Nuevo Leon, Mexico",399.9999990065584,0,0,0,0,0,0,0,0,0,0,0,0,0,0,0,0,0,0,0,0
SF11E59210,"Unnamed fire in Santa Maria Coronango, Puebla, Mexico",399.9999990065584,0,0,0,0,0,0,0,0,0,0,0,0,0,0,0,0,0,0,0,0
SF11E59211,"Unnamed fire in Saline County, Nebraska",399.9999990065584,4522322672.461755,19.552931999999995,23.072560000000006,0,209.92715199999995,3550.116552,10.682764,0,4.786816000000003,3.4827919999999994,2.1654839999999993,50.065128,0,0,0,0,0,0,0,0
SF11E59212,Unknown Fire,399.9999990065584,0,0,0,0,0,0,0,0,0,0,0,0,0,0,0,0,0,0,0,0
SF11E59213,"Unnamed fire in Division No.  8, Mb, Canada",399.9999990065584,0,0,0,0,0,0,0,0,0,0,0,0,0,0,0,0,0,0,0,0
SF11E59214,"Unnamed fire in Tecali De Herrera, Puebla, Mexico",399.9999990065584,0,0,0,0,0,0,0,0,0,0,0,0,0,0,0,0,0,0,0,0
SF11E59215,"Unnamed fire in Duplin County, North Carolina",299.9999992549188,3181208566.5844193,13.594208000000004,16.041192000000002,0,144.62296399999994,2536.7715080000007,7.394404,0,3.4613519999999998,2.402536,1.54182,34.53649200000001,0,0,0,0,0,0,0,0
SF11E59216,"Unnamed fire in Dzilam Gonzalez, Yucatan, Mexico",399.9999990065584,0,0,0,0,0,0,0,0,0,0,0,0,0,0,0,0,0,0,0,0
SF11E59218,"Unnamed fire in Fort Smith Region, Nt, Canada",1999.999995032792,0,0,0,0,0,0,0,0,0,0,0,0,0,0,0,0,0,0,0,0
SF11E59219,"Unnamed fire in Coryell County, Texas",399.9999990065584,1946830354.3869922,6.894275999999998,8.135279999999998,0,71.00196,1407.3244879999997,3.6920759999999997,0,1.9903399999999998,1.1851559999999999,0.845968,17.036796000000006,0,0,0,0,0,0,0,0
SF11E59220,"Unnamed fire in Benewah County, Idaho",399.9999990065584,4558771431.268288,19.976511999999996,23.572292000000004,0,215.01130399999997,3599.3615080000004,10.927468,0,4.83676,3.5658879999999993,2.197692,51.259156000000004,0,0,0,0,0,0,0,0
SF11E59221,Unknown Fire,399.9999990065584,0,0,0,0,0,0,0,0,0,0,0,0,0,0,0,0,0,0,0,0
SF11E59222,Unknown Fire,399.9999990065584,0,0,0,0,0,0,0,0,0,0,0,0,0,0,0,0,0,0,0,0
SF11E59223,"Unnamed fire in Marion County, Oregon",183.99999954301688,9612830106.16109,143.64144399999995,169.49693599999998,0,1743.8532479999994,15683.244975999998,83.47100000000002,0,14.944588,28.449220000000004,10.398888000000001,408.957784,0,0,0,0,0,0,0,0
SF11E59224,"Unnamed fire in Mexicali, Baja California, Mexico",399.9999990065584,0,0,0,0,0,0,0,0,0,0,0,0,0,0,0,0,0,0,0,0
SF11E59225,"Unnamed fire in Division No. 18, Sk, Canada",13599.999966222986,0,0,0,0,0,0,0,0,0,0,0,0,0,0,0,0,0,0,0,0
SF11E59226,Unknown Fire,399.9999990065584,0,0,0,0,0,0,0,0,0,0,0,0,0,0,0,0,0,0,0,0
SF11E59227,"Unnamed fire in Barnes County, North Dakota",799.9999980131169,9044645344.92351,39.10586399999999,46.14512000000001,0,419.8543039999999,7100.233104,21.365528000000005,0,9.573632000000005,6.965583999999999,4.330967999999999,100.13025600000002,0,0,0,0,0,0,0,0
SF11E59229,"Unnamed fire in Sampson County, North Carolina",299.9999992549188,3044102501.3293924,15.589656000000002,18.395756000000002,0,171.55125599999997,2615.2598919999996,8.620792000000003,0,3.3979120000000003,2.8361159999999996,1.6124640000000006,40.76941200000001,0,0,0,0,0,0,0,0
SF11E59230,"Unnamed fire in Tiangistenco, Mexico, Mexico",399.9999990065584,0,0,0,0,0,0,0,0,0,0,0,0,0,0,0,0,0,0,0,0
SF11E59232,Unknown Fire,399.9999990065584,0,0,0,0,0,0,0,0,0,0,0,0,0,0,0,0,0,0,0,0
SF11E59233,"Unnamed fire in Fort Smith Region, Nt, Canada",3599.999991059026,0,0,0,0,0,0,0,0,0,0,0,0,0,0,0,0,0,0,0,0
SF11E59234,"Unnamed fire in Willacy County, Texas",599.9999985098376,17864375520.129673,554.4270320000002,654.2238400000001,0,6951.925868000001,49140.481216000015,327.6519160000001,0,35.523704,112.94657599999998,34.100092000000004,1623.60704,0,0,0,0,0,0,0,0
SF11E59235,"Unnamed fire in San Felipe Orizatlan, Hidalgo, Mexico",399.9999990065584,0,0,0,0,0,0,0,0,0,0,0,0,0,0,0,0,0,0,0,0
SF11E59236,"Unnamed fire in Madison County, Florida",399.9999990065584,4395132213.920317,18.125651999999995,21.38830799999999,0,192.83057200000002,3382.362052,9.859116,0,4.615156,3.203336,2.055796,46.048652000000004,0,0,0,0,0,0,0,0
SF11E59237,Unknown Fire,699.9999982614772,0,0,0,0,0,0,0,0,0,0,0,0,0,0,0,0,0,0,0,0
SF11E59238,"Unnamed fire in Mclennan County, Texas",399.9999990065584,4522322672.461755,19.552931999999995,23.072560000000006,0,209.92715199999995,3550.116552,10.682764,0,4.786816000000003,3.4827919999999994,2.1654839999999993,50.065128,0,0,0,0,0,0,0,0
SF11E59239,"Unnamed fire in Monroe County, Pennsylvania",487.9999987880013,16345243705.837378,171.75401600000004,202.669748,0,2060.2404639999995,20036.812516000005,99.190804,0,20.366936000000006,33.66344800000002,13.114488000000003,483.911936,0,0,0,0,0,0,0,0
SF11E59240,"Unnamed fire in Veracruz, Veracruz, Mexico",399.9999990065584,0,0,0,0,0,0,0,0,0,0,0,0,0,0,0,0,0,0,0,0
SF11E59241,"Unnamed fire in Altar, Sonora, Mexico",399.9999990065584,0,0,0,0,0,0,0,0,0,0,0,0,0,0,0,0,0,0,0,0
SF11E59242,"Unnamed fire in Kenora District, On, Canada",799.9999980131169,0,0,0,0,0,0,0,0,0,0,0,0,0,0,0,0,0,0,0,0
SF11E59243,"Unnamed fire in Minganie--basse-côte-nord, Qc, Canada",799.9999980131169,0,0,0,0,0,0,0,0,0,0,0,0,0,0,0,0,0,0,0,0
SF11E59245,Unknown Fire,399.9999990065584,0,0,0,0,0,0,0,0,0,0,0,0,0,0,0,0,0,0,0,0
SF11E59246,Unknown Fire,399.9999990065584,0,0,0,0,0,0,0,0,0,0,0,0,0,0,0,0,0,0,0,0
SF11E59247,Unknown Fire,399.9999990065584,0,0,0,0,0,0,0,0,0,0,0,0,0,0,0,0,0,0,0,0
SF11E59248,"Unnamed fire in Tattnall County, Georgia",299.9999992549188,1285262745.8687277,7.0088040000000005,8.270432000000001,0,77.86237600000001,1137.8313960000003,3.893979999999999,0,1.4538360000000004,1.285512,0.7048000000000001,18.479412,0,0,0,0,0,0,0,0
SF11E59249,Unknown Fire,399.9999990065584,0,0,0,0,0,0,0,0,0,0,0,0,0,0,0,0,0,0,0,0
SF11E59250,"Unnamed fire in Champoton, Campeche, Mexico",399.9999990065584,0,0,0,0,0,0,0,0,0,0,0,0,0,0,0,0,0,0,0,0
SF11E59251,"Unnamed fire in Trinity County, Texas",279.99999930459086,2319483436.2102237,9.95942,11.752088,0,105.93149599999998,1859.629296,5.416668,0,2.538055999999999,1.7598120000000002,1.130144,25.297643999999995,0,0,0,0,0,0,0,0
SF11E59252,"Unnamed fire in Mexicali, Baja California, Mexico",399.9999990065584,0,0,0,0,0,0,0,0,0,0,0,0,0,0,0,0,0,0,0,0
SF11E59253,"Unnamed fire in Huichapan, Hidalgo, Mexico",399.9999990065584,0,0,0,0,0,0,0,0,0,0,0,0,0,0,0,0,0,0,0,0
SF11E59254,"Unnamed fire in Huron County, Michigan",399.9999990065584,4522322672.461755,19.552931999999995,23.072560000000006,0,209.92715199999995,3550.116552,10.682764,0,4.786816000000003,3.4827919999999994,2.1654839999999993,50.065128,0,0,0,0,0,0,0,0
SF11E59255,"Unnamed fire in Edgecombe County, North Carolina",399.9999990065584,4395132213.920317,18.125651999999995,21.38830799999999,0,192.83057200000002,3382.362052,9.859116,0,4.615156,3.203336,2.055796,46.048652000000004,0,0,0,0,0,0,0,0
SF11E59256,"Unnamed fire in Division No. 23, Mb, Canada",2299.999994287711,0,0,0,0,0,0,0,0,0,0,0,0,0,0,0,0,0,0,0,0
SF11E59257,"Unnamed fire in Adams County, Washington",799.9999980131169,10196927740.458963,39.953088000000015,47.144568000000014,0,430.02255999999994,7198.723087999999,21.855044000000007,0,9.673456000000003,7.131716,4.395360000000001,102.51830000000001,0,0,0,0,0,0,0,0
SF11E59258,"Unnamed fire in Tamiahua, Veracruz, Mexico",399.9999990065584,0,0,0,0,0,0,0,0,0,0,0,0,0,0,0,0,0,0,0,0
SF11E59259,"Unnamed fire in Purisima Del Rincon, Guanajuato, Mexico",399.9999990065584,0,0,0,0,0,0,0,0,0,0,0,0,0,0,0,0,0,0,0,0
SF11E59260,Unknown Fire,399.9999990065584,0,0,0,0,0,0,0,0,0,0,0,0,0,0,0,0,0,0,0,0
SF11E59261,"Unnamed fire in Kemper County, Mississippi",975.9999975760026,2485247037.395576,7.163243999999999,8.452643999999998,0,73.78908800000002,1461.3537400000002,3.83654,0,2.0663239999999994,1.2316200000000004,0.8784999999999998,17.704928000000002,0,0,0,0,0,0,0,0
SF11E59262,Unknown Fire,399.9999990065584,0,0,0,0,0,0,0,0,0,0,0,0,0,0,0,0,0,0,0,0
SF11E59264,"Unnamed fire in Fort Smith Region, Nt, Canada",3899.999990313945,0,0,0,0,0,0,0,0,0,0,0,0,0,0,0,0,0,0,0,0
SF11E59265,"Unnamed fire in Othon P. Blanco, Quintana Roo, Mexico",399.9999990065584,0,0,0,0,0,0,0,0,0,0,0,0,0,0,0,0,0,0,0,0
SF11E59266,"Unnamed fire in Mexicali, Baja California, Mexico",399.9999990065584,0,0,0,0,0,0,0,0,0,0,0,0,0,0,0,0,0,0,0,0
SF11E59267,"Unnamed fire in Mezquital, Durango, Mexico",399.9999990065584,0,0,0,0,0,0,0,0,0,0,0,0,0,0,0,0,0,0,0,0
SF11E59268,Unknown Fire,399.9999990065584,0,0,0,0,0,0,0,0,0,0,0,0,0,0,0,0,0,0,0,0
SF11E59269,"Unnamed fire in Wise County, Texas",599.9999985098376,5498538931.6246,18.079640000000005,21.33401200000001,0,184.24367599999997,3791.252892000001,9.63368,0,5.415416000000001,3.0803200000000004,2.2717959999999993,44.278908,0,0,0,0,0,0,0,0
SF11E59270,"Unnamed fire in Ciudad Valles, San Luis Potosi, Mexico",399.9999990065584,0,0,0,0,0,0,0,0,0,0,0,0,0,0,0,0,0,0,0,0
SF11E59271,"Unnamed fire in Musselshell County, Montana",599.9999985098376,6123140573.082964,208.93408399999998,246.54226400000005,0,2626.3247839999995,18182.672268000006,123.635808,0,12.733928000000002,42.656056000000014,12.672616,613.1807999999999,0,0,0,0,0,0,0,0
SF11E59272,"Unnamed fire in Montgomery County, Kansas",399.9999990065584,4522322672.461755,19.552931999999995,23.072560000000006,0,209.92715199999995,3550.116552,10.682764,0,4.786816000000003,3.4827919999999994,2.1654839999999993,50.065128,0,0,0,0,0,0,0,0
SF11E59273,"Unnamed fire in Division No. 18, Sk, Canada",1999.9999950327922,0,0,0,0,0,0,0,0,0,0,0,0,0,0,0,0,0,0,0,0
SF11E59274,"Unnamed fire in Marion County, Florida",399.9999990065584,4395132213.920317,18.125651999999995,21.38830799999999,0,192.83057200000002,3382.362052,9.859116,0,4.615156,3.203336,2.055796,46.048652000000004,0,0,0,0,0,0,0,0
SF11E59275,"Unnamed fire in Division No. 16, Ab, Canada",799.9999980131169,0,0,0,0,0,0,0,0,0,0,0,0,0,0,0,0,0,0,0,0
SF11E59276,Unknown Fire,399.9999990065584,0,0,0,0,0,0,0,0,0,0,0,0,0,0,0,0,0,0,0,0
SF11E59277,"Unnamed fire in Randolph County, Georgia",399.9999990065584,4395132213.920317,18.125651999999995,21.38830799999999,0,192.83057200000002,3382.362052,9.859116,0,4.615156,3.203336,2.055796,46.048652000000004,0,0,0,0,0,0,0,0
SF11E59278,Unknown Fire,399.9999990065584,0,0,0,0,0,0,0,0,0,0,0,0,0,0,0,0,0,0,0,0
SF11E59280,"Unnamed fire in Woodward County, Oklahoma",599.9999985098376,272246170.9818639,0.8955119999999999,1.0566680000000002,0,9.126252,187.73483199999993,0.4771679999999999,0,0.2681319999999999,0.15255200000000002,0.112484,2.1932679999999993,0,0,0,0,0,0,0,0
SF11E59282,"Unnamed fire in Division No. 18, Sk, Canada",11199.999972183632,0,0,0,0,0,0,0,0,0,0,0,0,0,0,0,0,0,0,0,0
SF11E59283,"Unnamed fire in Sonoma County, California",4799.999988078701,405164819183.6245,563.949192,665.4600479999999,0,5779.9605,116559.52602400002,301.313092,0,165.615052,96.549092,69.962736,1387.8932639999998,0,0,0,0,0,0,0,0
SF11E59284,"Unnamed fire in Crittenden County, Kentucky",487.9999987880013,11976172533.81832,83.177632,98.14971200000001,0,961.8702359999997,11552.786340000002,47.14855599999999,0,13.46002,15.793235999999997,7.331039999999999,227.02858000000003,0,0,0,0,0,0,0,0
SF11E59285,"Unnamed fire in San Martin Texmelucan, Puebla, Mexico",399.9999990065584,0,0,0,0,0,0,0,0,0,0,0,0,0,0,0,0,0,0,0,0
SF11E59286,"Unnamed fire in Puebla, Puebla, Mexico",399.9999990065584,0,0,0,0,0,0,0,0,0,0,0,0,0,0,0,0,0,0,0,0
SF11E59287,"Unnamed fire in Glades County, Florida",479.99999880787004,7923910273.426334,28.06790399999999,33.120091999999985,0,287.228728,5823.954333999998,14.985494000000006,0,8.286869999999999,4.798968000000001,3.494124000000001,68.985664,0,0,0,0,0,0,0,0
SF11E59288,"Unnamed fire in Yakima County, Washington",1199.9999970196752,7183848859.097812,17.335704000000003,20.45609600000001,0,176.131692,3662.592044,9.224103999999999,0,5.2457519999999995,2.9459839999999993,2.1927920000000007,42.34860400000001,0,0,0,0,0,0,0,0
SF11E59289,"Unnamed fire in Panola County, Texas",559.9999986091817,6018901389.894259,29.100704000000007,34.338756000000004,0,320.22893600000003,4881.818423999999,16.092175999999995,0,6.3427479999999985,5.294132000000001,3.00992,76.10289599999997,0,0,0,0,0,0,0,0
SF11E59290,"Unnamed fire in Navolato, Sinaloa, Mexico",399.9999990065584,0,0,0,0,0,0,0,0,0,0,0,0,0,0,0,0,0,0,0,0
SF11E59291,"Unnamed fire in Othon P. Blanco, Quintana Roo, Mexico",399.9999990065584,0,0,0,0,0,0,0,0,0,0,0,0,0,0,0,0,0,0,0,0
SF11E59292,"Unnamed fire in Hays County, Texas",399.9999990065584,1946830354.3869922,6.894275999999998,8.135279999999998,0,71.00196,1407.3244879999997,3.6920759999999997,0,1.9903399999999998,1.1851559999999999,0.845968,17.036796000000006,0,0,0,0,0,0,0,0
SF11E59294,"Unnamed fire in Rankin County, Mississippi",279.99999930459086,2319483436.2102237,9.95942,11.752088,0,105.93149599999998,1859.629296,5.416668,0,2.538055999999999,1.7598120000000002,1.130144,25.297643999999995,0,0,0,0,0,0,0,0
SF11E59295,"Unnamed fire in San Sebastian County, Puerto Rico",1199.9999970196752,0,0,0,0,0,0,0,0,0,0,0,0,0,0,0,0,0,0,0,0
SF11E59296,"Unnamed fire in Hopelchen, Campeche, Mexico",399.9999990065584,0,0,0,0,0,0,0,0,0,0,0,0,0,0,0,0,0,0,0,0
SF11E59297,"Unnamed fire in Llera, Tamaulipas, Mexico",399.9999990065584,0,0,0,0,0,0,0,0,0,0,0,0,0,0,0,0,0,0,0,0
SF11E59299,"Unnamed fire in Riverside County, California",799.9999980131169,1820727171.6598282,5.7584,6.794832000000001,0,59.31527599999999,1174.8361040000004,3.084035999999999,0,1.6612679999999997,0.9900559999999999,0.7062160000000001,14.232172,0,0,0,0,0,0,0,0
SF11E59300,"Unnamed fire in Fort Smith Region, Nt, Canada",1499.9999962745937,0,0,0,0,0,0,0,0,0,0,0,0,0,0,0,0,0,0,0,0
SF11E59301,"Unnamed fire in Mexicali, Baja California, Mexico",399.9999990065584,0,0,0,0,0,0,0,0,0,0,0,0,0,0,0,0,0,0,0,0
SF11E59302,"Unnamed fire in Calcasieu County, Louisiana",279.99999930459086,4534382852.23096,16.372927999999995,19.32003999999999,0,167.550108,3397.3066719999997,8.741532000000003,0,4.833995999999999,2.799412000000001,2.038236000000001,40.24162,0,0,0,0,0,0,0,0
SF11E59304,"Unnamed fire in San Luis Rio Colorado, Sonora, Mexico",399.9999990065584,0,0,0,0,0,0,0,0,0,0,0,0,0,0,0,0,0,0,0,0
SF11E59305,"Unnamed fire in Madison County, Illinois",399.9999990065584,4522322672.461755,19.552931999999995,23.072560000000006,0,209.92715199999995,3550.116552,10.682764,0,4.786816000000003,3.4827919999999994,2.1654839999999993,50.065128,0,0,0,0,0,0,0,0
SF11E59306,Unknown Fire,399.9999990065584,0,0,0,0,0,0,0,0,0,0,0,0,0,0,0,0,0,0,0,0
SF11E59307,Unknown Fire,399.9999990065584,0,0,0,0,0,0,0,0,0,0,0,0,0,0,0,0,0,0,0,0
SF11E59308,"Unnamed fire in Fisher County, Texas",399.9999990065584,1025612647.1306881,3.4548960000000006,4.076756000000001,0,35.131028,728.4409400000002,1.8390279999999999,0,1.0425479999999998,0.587504,0.436232,8.445772,0,0,0,0,0,0,0,0
SF11E59309,"Unnamed fire in Jerez De Garcia Salinas, Zacatecas, Mexico",399.9999990065584,0,0,0,0,0,0,0,0,0,0,0,0,0,0,0,0,0,0,0,0
SF11E59310,"Unnamed fire in Menard County, Illinois",399.9999990065584,4522322672.461755,19.552931999999995,23.072560000000006,0,209.92715199999995,3550.116552,10.682764,0,4.786816000000003,3.4827919999999994,2.1654839999999993,50.065128,0,0,0,0,0,0,0,0
SF11E59311,Unknown Fire,399.9999990065584,0,0,0,0,0,0,0,0,0,0,0,0,0,0,0,0,0,0,0,0
SF11E59312,"Unnamed fire in Decatur County, Georgia",399.9999990065584,4395132213.920317,18.125651999999995,21.38830799999999,0,192.83057200000002,3382.362052,9.859116,0,4.615156,3.203336,2.055796,46.048652000000004,0,0,0,0,0,0,0,0
SF11E59313,"Unnamed fire in Fort Smith Region, Nt, Canada",399.9999990065584,0,0,0,0,0,0,0,0,0,0,0,0,0,0,0,0,0,0,0,0
SF11E59314,Unknown Fire,699.9999982614772,0,0,0,0,0,0,0,0,0,0,0,0,0,0,0,0,0,0,0,0
SF11E59315,Unknown Fire,399.9999990065584,0,0,0,0,0,0,0,0,0,0,0,0,0,0,0,0,0,0,0,0
SF11E59316,"Unnamed fire in Villa Union, Coahuila, Mexico",399.9999990065584,0,0,0,0,0,0,0,0,0,0,0,0,0,0,0,0,0,0,0,0
SF11E59317,"Unnamed fire in Washoe County, Nevada",799.9999980131169,4226555558.4395485,12.943335999999997,15.273159999999999,0,132.20380400000002,2698.5621880000003,6.904244000000001,0,3.8465680000000004,2.2094679999999993,1.6181079999999994,31.761315999999997,0,0,0,0,0,0,0,0
SF11E59318,"Unnamed fire in Garza County, Texas",799.9999980131169,2294060627.9931197,6.909847999999999,8.153636,0,70.26201599999997,1456.8818840000004,3.678051999999999,0,2.085095999999999,1.1750719999999997,0.87242,16.891479999999998,0,0,0,0,0,0,0,0
SF11E59320,Unknown Fire,399.9999990065584,0,0,0,0,0,0,0,0,0,0,0,0,0,0,0,0,0,0,0,0
SF11E59321,"Unnamed fire in Pike County, Alabama",487.9999987880013,6227382757.140236,31.885428000000005,37.62478799999999,0,353.650608,5205.765488,17.700804000000005,0,6.67116,5.840231999999999,3.222032000000001,83.95244799999998,0,0,0,0,0,0,0,0
SF11E59322,"Unnamed fire in Bertie County, North Carolina",279.99999930459086,2319483436.2102237,9.95942,11.752088,0,105.93149599999998,1859.629296,5.416668,0,2.538055999999999,1.7598120000000002,1.130144,25.297643999999995,0,0,0,0,0,0,0,0
SF11E59323,"Unnamed fire in Lynn County, Texas",399.9999990065584,4395132213.920317,18.125651999999995,21.38830799999999,0,192.83057200000002,3382.362052,9.859116,0,4.615156,3.203336,2.055796,46.048652000000004,0,0,0,0,0,0,0,0
SF11E59324,"Unnamed fire in Andrews County, Texas",399.9999990065584,1025612647.1306881,3.4548960000000006,4.076756000000001,0,35.131028,728.4409400000002,1.8390279999999999,0,1.0425479999999998,0.587504,0.436232,8.445772,0,0,0,0,0,0,0,0
SF11E59325,"Unnamed fire in Guanajuato, Guanajuato, Mexico",399.9999990065584,0,0,0,0,0,0,0,0,0,0,0,0,0,0,0,0,0,0,0,0
SF11E59327,"Unnamed fire in Lane County, Oregon",399.9999990065584,4558771431.268288,19.976511999999996,23.572292000000004,0,215.01130399999997,3599.3615080000004,10.927468,0,4.83676,3.5658879999999993,2.197692,51.259156000000004,0,0,0,0,0,0,0,0
SF11E59328,"Unnamed fire in Champoton, Campeche, Mexico",399.9999990065584,0,0,0,0,0,0,0,0,0,0,0,0,0,0,0,0,0,0,0,0
SF11E59331,"Unnamed fire in Douglas County, Oregon",1863.9999953705624,98245295274.69305,541.2157619999998,638.6347119999999,0,6330.8571090000005,71448.01542499999,308.571119,0,80.34026899999999,103.78836699999995,45.72835200000001,1491.9576260000003,0,0,0,0,0,0,0,0
SF11E59332,"Unnamed fire in Kenora District, On, Canada",799.9999980131169,0,0,0,0,0,0,0,0,0,0,0,0,0,0,0,0,0,0,0,0
SF11E59333,"Unnamed fire in Hamilton County, Florida",279.99999930459086,2939821642.903212,12.687911999999997,14.971784,0,134.98141999999996,2367.6534000000006,6.901416000000001,0,3.2306399999999997,2.242372,1.4390560000000006,32.234092,0,0,0,0,0,0,0,0
SF11E59334,"Unnamed fire in Simpson County, Mississippi",279.99999930459086,2319483436.2102237,9.95942,11.752088,0,105.93149599999998,1859.629296,5.416668,0,2.538055999999999,1.7598120000000002,1.130144,25.297643999999995,0,0,0,0,0,0,0,0
SF11E59335,Unknown Fire,399.9999990065584,0,0,0,0,0,0,0,0,0,0,0,0,0,0,0,0,0,0,0,0
SF11E59336,"Unnamed fire in Marion County, Florida",839.9999979137726,4616661209.53504,15.432584000000002,18.210411999999994,0,161.55068399999996,3015.362711999999,8.329140000000004,0,4.19306,2.6900239999999993,1.8221720000000003,38.670112,0,0,0,0,0,0,0,0
SF11E59337,Unknown Fire,399.9999990065584,0,0,0,0,0,0,0,0,0,0,0,0,0,0,0,0,0,0,0,0
SF11E59338,"Unnamed fire in Division No. 23, Mb, Canada",2299.999994287711,0,0,0,0,0,0,0,0,0,0,0,0,0,0,0,0,0,0,0,0
SF11E59339,Unknown Fire,399.9999990065584,0,0,0,0,0,0,0,0,0,0,0,0,0,0,0,0,0,0,0,0
SF11E59341,"Unnamed fire in Calera, Zacatecas, Mexico",399.9999990065584,0,0,0,0,0,0,0,0,0,0,0,0,0,0,0,0,0,0,0,0
SF11E59342,"Unnamed fire in Mexicali, Baja California, Mexico",399.9999990065584,0,0,0,0,0,0,0,0,0,0,0,0,0,0,0,0,0,0,0,0
SF11E59343,Unknown Fire,399.9999990065584,0,0,0,0,0,0,0,0,0,0,0,0,0,0,0,0,0,0,0,0
SF11E59344,"Unnamed fire in San Gabriel Mixtepec, Oaxaca, Mexico",399.9999990065584,0,0,0,0,0,0,0,0,0,0,0,0,0,0,0,0,0,0,0,0
SF11E59345,"Unnamed fire in Greensville County, Virginia",279.99999930459086,2319483436.2102237,9.95942,11.752088,0,105.93149599999998,1859.629296,5.416668,0,2.538055999999999,1.7598120000000002,1.130144,25.297643999999995,0,0,0,0,0,0,0,0
SF11E59346,"Unnamed fire in Division No. 23, Mb, Canada",8999.999977647565,0,0,0,0,0,0,0,0,0,0,0,0,0,0,0,0,0,0,0,0
SF11E59347,"Unnamed fire in Polk County, Oregon",1399.9999965229542,15955700009.439007,69.91779199999998,82.50302200000002,0,752.5395639999999,12597.765278000004,38.24613800000001,0,16.928659999999997,12.480608000000002,7.691922,179.40704599999998,0,0,0,0,0,0,0,0
SF11E59348,Unknown Fire,399.9999990065584,0,0,0,0,0,0,0,0,0,0,0,0,0,0,0,0,0,0,0,0
SF11E59349,"Unnamed fire in Clarendon County, South Carolina",299.9999992549188,3181208566.5844193,13.594208000000004,16.041192000000002,0,144.62296399999994,2536.7715080000007,7.394404,0,3.4613519999999998,2.402536,1.54182,34.53649200000001,0,0,0,0,0,0,0,0
SF11E59350,"Unnamed fire in Fort Smith Region, Nt, Canada",12199.999969700031,0,0,0,0,0,0,0,0,0,0,0,0,0,0,0,0,0,0,0,0
SF11E59351,Unknown Fire,399.9999990065584,0,0,0,0,0,0,0,0,0,0,0,0,0,0,0,0,0,0,0,0
SF11E59352,"Unnamed fire in Division No. 23, Mb, Canada",399.9999990065584,0,0,0,0,0,0,0,0,0,0,0,0,0,0,0,0,0,0,0,0
SF11E59353,"Unnamed fire in Rapides County, Louisiana",279.99999930459086,2319483436.2102237,9.95942,11.752088,0,105.93149599999998,1859.629296,5.416668,0,2.538055999999999,1.7598120000000002,1.130144,25.297643999999995,0,0,0,0,0,0,0,0
SF11E59354,"Unnamed fire in Maui County, Hawaii",399.9999990065584,0,0,0,0,0,0,0,0,0,0,0,0,0,0,0,0,0,0,0,0
SF11E59358,"Unnamed fire in Division No. 18, Sk, Canada",53599.99986687884,0,0,0,0,0,0,0,0,0,0,0,0,0,0,0,0,0,0,0,0
SF11E59453,"Unnamed fire in Division No. 23, Mb, Canada",160999.99960013962,0,0,0,0,0,0,0,0,0,0,0,0,0,0,0,0,0,0,0,0
SF11E59475,"Unnamed fire in Kenora District, On, Canada",19199.999952314796,0,0,0,0,0,0,0,0,0,0,0,0,0,0,0,0,0,0,0,0
SF11E59518,"Unnamed fire in Division No. 23, Mb, Canada",699.9999982614772,0,0,0,0,0,0,0,0,0,0,0,0,0,0,0,0,0,0,0,0
SF11E59525,"Unnamed fire in Fort Smith Region, Nt, Canada",19399.999951818063,0,0,0,0,0,0,0,0,0,0,0,0,0,0,0,0,0,0,0,0
SF11E59581,"Unnamed fire in Division No. 10, Nl, Canada",14799.99996324265,0,0,0,0,0,0,0,0,0,0,0,0,0,0,0,0,0,0,0,0
SF11E59602,Firestone,4504.935456028871,186676193059.37387,1227.3145710000001,1448.231307,0,14339.246914999998,162910.9553840001,699.320034,0,183.91527799999997,235.11608199999998,104.16908799999999,3379.7933109999985,0,0,0,0,0,0,0,0
SF11E59650,Douglas Complex,406.6095489222706,19082627059.50267,117.74911699999996,138.94394199999996,0,1313.5415260000002,18834.997621999995,65.55409199999998,0,23.878750999999998,21.674190000000003,11.692442000000003,311.5680249999999,0,0,0,0,0,0,0,0
SF11E59651,Sheepshead Fire,1469.4754521577624,3637311964.7447405,7.75258,9.148017,0,79.544078,1597.8119239999999,4.1443059999999985,0,2.2679409999999995,1.3285249999999997,0.9593379999999998,19.097144999999998,0,0,0,0,0,0,0,0
SF11E59776,"Unnamed fire in Juarez, Chiapas, Mexico",499.99999875819805,0,0,0,0,0,0,0,0,0,0,0,0,0,0,0,0,0,0,0,0
SF11E59777,"Unnamed fire in Division No. 23, Mb, Canada",299.9999992549188,0,0,0,0,0,0,0,0,0,0,0,0,0,0,0,0,0,0,0,0
SF11E59780,Unknown Fire,299.9999992549188,0,0,0,0,0,0,0,0,0,0,0,0,0,0,0,0,0,0,0,0
SF11E59781,"Unnamed fire in Division No. 23, Mb, Canada",899.9999977647565,0,0,0,0,0,0,0,0,0,0,0,0,0,0,0,0,0,0,0,0
SF11E59782,Unknown Fire,299.9999992549188,0,0,0,0,0,0,0,0,0,0,0,0,0,0,0,0,0,0,0,0
SF11E59783,"Unnamed fire in Nord-du-québec, Qc, Canada",299.9999992549188,0,0,0,0,0,0,0,0,0,0,0,0,0,0,0,0,0,0,0,0
SF11E59784,"Unnamed fire in Las Animas County, Colorado",449.99999888237824,204184628.23639792,0.6716339999999998,0.7925010000000001,0,6.844688999999999,140.80112399999996,0.35787599999999997,0,0.20109899999999994,0.11441400000000002,0.084363,1.6449509999999994,0,0,0,0,0,0,0,0
SF11E59785,"Unnamed fire in Mazatlan, Sinaloa, Mexico",299.9999992549188,0,0,0,0,0,0,0,0,0,0,0,0,0,0,0,0,0,0,0,0
SF11E59786,"Unnamed fire in Grant County, Washington",299.9999992549188,3419078573.4512157,14.982383999999996,17.679219000000003,0,161.25847799999997,2699.5211310000004,8.195601,0,3.62757,2.6744159999999995,1.648269,38.444367,0,0,0,0,0,0,0,0
SF11E59787,"Unnamed fire in Division No. 18, Sk, Canada",599.9999985098376,0,0,0,0,0,0,0,0,0,0,0,0,0,0,0,0,0,0,0,0
SF11E59788,"Unnamed fire in Maui County, Hawaii",299.9999992549188,0,0,0,0,0,0,0,0,0,0,0,0,0,0,0,0,0,0,0,0
SF11E59789,"Unnamed fire in Division No. 17, Ab, Canada",299.9999992549188,0,0,0,0,0,0,0,0,0,0,0,0,0,0,0,0,0,0,0,0
SF11E59790,"Unnamed fire in Surry County, Virginia",224.99999944118912,2385906424.9383144,10.195656000000003,12.030894000000002,0,108.46722299999996,1902.5786310000005,5.545802999999999,0,2.596014,1.8019020000000001,1.156365,25.902369000000007,0,0,0,0,0,0,0,0
SF11E59791,"Unnamed fire in Trinity County, California",275.9999993145253,15602245322.652264,156.52014300000005,184.69378799999998,0,1865.640918,18871.277865000004,90.099297,0,19.750076999999997,30.50915699999999,12.275394000000002,438.569079,0,0,0,0,0,0,0,0
SF11E59792,"Unnamed fire in Lamar County, Texas",299.9999992549188,3103214793.5599976,11.040513,13.027818000000003,0,113.82987900000006,2247.1182390000004,5.915555999999999,0,3.1746149999999993,1.8997259999999998,1.3512480000000002,27.308715000000007,0,0,0,0,0,0,0,0
SF11E59793,"Unnamed fire in Division No. 18, Sk, Canada",299.9999992549188,0,0,0,0,0,0,0,0,0,0,0,0,0,0,0,0,0,0,0,0
SF11E59794,"Unnamed fire in Tom Green County, Texas",299.9999992549188,1460122765.790244,5.170706999999998,6.1014599999999986,0,53.25147,1055.4933659999997,2.7690569999999997,0,1.4927549999999998,0.8888669999999999,0.634476,12.777597000000004,0,0,0,0,0,0,0,0
SF11E59795,Unknown Fire,299.9999992549188,0,0,0,0,0,0,0,0,0,0,0,0,0,0,0,0,0,0,0,0
SF11E59796,"Unnamed fire in Taylor County, Texas",299.9999992549188,769209485.348016,2.5911720000000003,3.057567000000001,0,26.348271,546.3307050000001,1.379271,0,0.7819109999999998,0.440628,0.327174,6.334329,0,0,0,0,0,0,0,0
SF11E59797,"Unnamed fire in Nord-du-québec, Qc, Canada",299.9999992549188,0,0,0,0,0,0,0,0,0,0,0,0,0,0,0,0,0,0,0,0
SF11E59798,Unknown Fire,299.9999992549188,0,0,0,0,0,0,0,0,0,0,0,0,0,0,0,0,0,0,0,0
SF11E59799,"Unnamed fire in Reforma, Chiapas, Mexico",499.99999875819805,0,0,0,0,0,0,0,0,0,0,0,0,0,0,0,0,0,0,0,0
SF11E59801,"Unnamed fire in Garfield County, Washington",599.9999985098376,159423486.745179,0.47875199999999996,0.5648969999999999,0,4.864047,101.14618200000001,0.25472400000000006,0,0.14484899999999998,0.081372,0.060555,1.1695169999999997,0,0,0,0,0,0,0,0
SF11E59802,"Unnamed fire in King And Queen County, Virginia",209.99999947844316,1739612577.1576676,7.469564999999999,8.814066,0,79.44862199999999,1394.721972,4.062500999999999,0,1.9035419999999994,1.3198590000000001,0.847608,18.973232999999997,0,0,0,0,0,0,0,0
SF11E59804,"Unnamed fire in Mazapil, Zacatecas, Mexico",299.9999992549188,0,0,0,0,0,0,0,0,0,0,0,0,0,0,0,0,0,0,0,0
SF11E59805,Unknown Fire,299.9999992549188,0,0,0,0,0,0,0,0,0,0,0,0,0,0,0,0,0,0,0,0
SF11E59806,"Unnamed fire in Hill County, Montana",299.9999992549188,3419078573.4512157,14.982383999999996,17.679219000000003,0,161.25847799999997,2699.5211310000004,8.195601,0,3.62757,2.6744159999999995,1.648269,38.444367,0,0,0,0,0,0,0,0
SF11E59807,"Unnamed fire in Butte County, California",599.9999985098376,7647695805.344223,29.964816000000013,35.35842600000001,0,322.51691999999997,5399.042315999999,16.391283000000005,0,7.255092000000003,5.348787,3.296520000000001,76.88872500000001,0,0,0,0,0,0,0,0
SF11E59808,"Unnamed fire in Division No. 22, Mb, Canada",299.9999992549188,0,0,0,0,0,0,0,0,0,0,0,0,0,0,0,0,0,0,0,0
SF11E59809,"Unnamed fire in Division No. 23, Mb, Canada",1499.9999962745942,0,0,0,0,0,0,0,0,0,0,0,0,0,0,0,0,0,0,0,0
SF11E59810,"Unnamed fire in Nord-du-québec, Qc, Canada",299.9999992549188,0,0,0,0,0,0,0,0,0,0,0,0,0,0,0,0,0,0,0,0
SF11E59811,Unknown Fire,299.9999992549188,0,0,0,0,0,0,0,0,0,0,0,0,0,0,0,0,0,0,0,0
SF11E59812,"Unnamed fire in Billings County, North Dakota",449.99999888237824,1237159276.465881,6.541445999999999,7.718916,0,73.35369599999999,1026.7211310000002,3.6512010000000004,0,1.2883470000000001,1.2095249999999997,0.639132,17.386661999999998,0,0,0,0,0,0,0,0
SF11E59813,"Unnamed fire in Division No. 18, Sk, Canada",599.9999985098376,0,0,0,0,0,0,0,0,0,0,0,0,0,0,0,0,0,0,0,0
SF11E59814,"Unnamed fire in Polk County, Iowa",299.9999992549188,3391742004.3463163,14.664698999999995,17.304420000000004,0,157.44536399999996,2662.587414,8.012073000000001,0,3.590112000000002,2.6120939999999995,1.6241129999999995,37.548846,0,0,0,0,0,0,0,0
SF11E59815,"Unnamed fire in Division No. 18, Sk, Canada",299.9999992549188,0,0,0,0,0,0,0,0,0,0,0,0,0,0,0,0,0,0,0,0
SF11E59816,"Unnamed fire in Harper County, Kansas",299.9999992549188,3391742004.3463163,14.664698999999995,17.304420000000004,0,157.44536399999996,2662.587414,8.012073000000001,0,3.590112000000002,2.6120939999999995,1.6241129999999995,37.548846,0,0,0,0,0,0,0,0
SF11E59817,Unknown Fire,299.9999992549188,0,0,0,0,0,0,0,0,0,0,0,0,0,0,0,0,0,0,0,0
SF11E59818,"Unnamed fire in Harper County, Kansas",299.9999992549188,2212405137.5961595,7.542707999999998,8.90043,0,76.947012,1577.4554549999998,4.021127999999999,0,2.2510470000000002,1.2862139999999997,0.945549,18.489591,0,0,0,0,0,0,0,0
SF11E59819,"Unnamed fire in Skagit County, Washington",599.9999985098376,7647695805.344223,29.964816000000013,35.35842600000001,0,322.51691999999997,5399.042315999999,16.391283000000005,0,7.255092000000003,5.348787,3.296520000000001,76.88872500000001,0,0,0,0,0,0,0,0
SF11E59820,"Unnamed fire in Lazaro Cardenas, Quintana Roo, Mexico",299.9999992549188,0,0,0,0,0,0,0,0,0,0,0,0,0,0,0,0,0,0,0,0
SF11E59821,"Unnamed fire in Canatlan, Durango, Mexico",299.9999992549188,0,0,0,0,0,0,0,0,0,0,0,0,0,0,0,0,0,0,0,0
SF11E59822,"Unnamed fire in Fort Smith Region, Nt, Canada",8399.999979137727,0,0,0,0,0,0,0,0,0,0,0,0,0,0,0,0,0,0,0,0
SF11E59823,"Unnamed fire in Klickitat County, Washington",299.9999992549188,3419078573.4512157,14.982383999999996,17.679219000000003,0,161.25847799999997,2699.5211310000004,8.195601,0,3.62757,2.6744159999999995,1.648269,38.444367,0,0,0,0,0,0,0,0
SF11E59824,"Unnamed fire in Dallas County, Arkansas",209.99999947844316,1739612577.1576676,7.469564999999999,8.814066,0,79.44862199999999,1394.721972,4.062500999999999,0,1.9035419999999994,1.3198590000000001,0.847608,18.973232999999997,0,0,0,0,0,0,0,0
SF11E59825,"Unnamed fire in Thompson-nicola Regional District, Bc, Canada",1499.9999962745942,0,0,0,0,0,0,0,0,0,0,0,0,0,0,0,0,0,0,0,0
SF11E59826,"Unnamed fire in Newton County, Indiana",299.9999992549188,3391742004.3463163,14.664698999999995,17.304420000000004,0,157.44536399999996,2662.587414,8.012073000000001,0,3.590112000000002,2.6120939999999995,1.6241129999999995,37.548846,0,0,0,0,0,0,0,0
SF11E59827,Unknown Fire,299.9999992549188,0,0,0,0,0,0,0,0,0,0,0,0,0,0,0,0,0,0,0,0
SF11E59829,Unknown Fire,299.9999992549188,0,0,0,0,0,0,0,0,0,0,0,0,0,0,0,0,0,0,0,0
SF11E59830,"Unnamed fire in Camden County, Missouri",365.999999091001,9478725963.941715,61.39652399999998,72.44793899999998,0,704.9731770000001,8786.293323000002,34.677873,0,10.438596,11.58633,5.5483769999999994,166.553745,0,0,0,0,0,0,0,0
SF11E59831,"Unnamed fire in Lake County, Florida",299.9999992549188,3296349160.4402375,13.594238999999996,16.041230999999993,0,144.622929,2536.771539,7.394337,0,3.461367,2.402502,1.541847,34.536489,0,0,0,0,0,0,0,0
SF11E59832,Unknown Fire,299.9999992549188,0,0,0,0,0,0,0,0,0,0,0,0,0,0,0,0,0,0,0,0
SF11E59833,"Unnamed fire in Division No. 23, Mb, Canada",4299.999989320503,0,0,0,0,0,0,0,0,0,0,0,0,0,0,0,0,0,0,0,0
SF11E59834,"Unnamed fire in Division No. 23, Mb, Canada",299.9999992549188,0,0,0,0,0,0,0,0,0,0,0,0,0,0,0,0,0,0,0,0
SF11E59836,"Unnamed fire in Mcmullen County, Texas",299.9999992549188,769209485.348016,2.5911720000000003,3.057567000000001,0,26.348271,546.3307050000001,1.379271,0,0.7819109999999998,0.440628,0.327174,6.334329,0,0,0,0,0,0,0,0
SF11E59837,"Unnamed fire in Beckham County, Oklahoma",449.99999888237824,4094095529.719123,13.403270999999997,15.815877,0,136.42724700000002,2818.9238490000002,7.137899999999997,0,4.030806,2.281296,1.6885890000000003,32.79308700000001,0,0,0,0,0,0,0,0
SF11E59838,"Unnamed fire in Kenora District, On, Canada",299.9999992549188,0,0,0,0,0,0,0,0,0,0,0,0,0,0,0,0,0,0,0,0
SF11E59839,"Unnamed fire in Yakima County, Washington",299.9999992549188,3419078573.4512157,14.982383999999996,17.679219000000003,0,161.25847799999997,2699.5211310000004,8.195601,0,3.62757,2.6744159999999995,1.648269,38.444367,0,0,0,0,0,0,0,0
SF11E59840,"Unnamed fire in Harper County, Kansas",599.9999985098376,7586550160.2866955,29.329431000000007,34.608735,0,314.890743,5325.174854999999,16.024247999999993,0,7.180293000000002,5.2241789999999995,3.248175,75.09762900000001,0,0,0,0,0,0,0,0
SF11E59841,Unknown Fire,299.9999992549188,0,0,0,0,0,0,0,0,0,0,0,0,0,0,0,0,0,0,0,0
SF11E59842,"Unnamed fire in Division No. 23, Mb, Canada",299.9999992549188,0,0,0,0,0,0,0,0,0,0,0,0,0,0,0,0,0,0,0,0
SF11E59843,"Unnamed fire in Culiacan, Sinaloa, Mexico",299.9999992549188,0,0,0,0,0,0,0,0,0,0,0,0,0,0,0,0,0,0,0,0
SF11E59844,"Unnamed fire in King County, Washington",299.9999992549188,3419078573.4512157,14.982383999999996,17.679219000000003,0,161.25847799999997,2699.5211310000004,8.195601,0,3.62757,2.6744159999999995,1.648269,38.444367,0,0,0,0,0,0,0,0
SF11E59845,"Unnamed fire in Giles County, Tennessee",365.999999091001,9884856252.290537,39.687597,46.831326000000004,0,421.19841899999983,7458.499254000002,21.562089,0,10.207457999999997,6.999590999999999,4.529187000000001,100.61914199999998,0,0,0,0,0,0,0,0
SF11E59846,"Unnamed fire in Travis County, Texas",299.9999992549188,3391742004.3463163,14.664698999999995,17.304420000000004,0,157.44536399999996,2662.587414,8.012073000000001,0,3.590112000000002,2.6120939999999995,1.6241129999999995,37.548846,0,0,0,0,0,0,0,0
SF11E59847,"Unnamed fire in Cosala, Sinaloa, Mexico",299.9999992549188,0,0,0,0,0,0,0,0,0,0,0,0,0,0,0,0,0,0,0,0
SF11E59848,"Unnamed fire in Glenn County, California",599.9999985098376,7647695805.344223,29.964816000000013,35.35842600000001,0,322.51691999999997,5399.042315999999,16.391283000000005,0,7.255092000000003,5.348787,3.296520000000001,76.88872500000001,0,0,0,0,0,0,0,0
SF11E59850,"Unnamed fire in Fort Smith Region, Nt, Canada",299.9999992549188,0,0,0,0,0,0,0,0,0,0,0,0,0,0,0,0,0,0,0,0
SF11E59851,Unknown Fire,299.9999992549188,0,0,0,0,0,0,0,0,0,0,0,0,0,0,0,0,0,0,0,0
SF11E59852,"Unnamed fire in Granite County, Montana",3449.999991431567,276528518812.6644,739.845831,873.0181110000001,0,8475.904185000001,106868.35401300002,417.4023600000001,0,127.71560399999998,139.34580300000002,67.385091,2003.0962559999998,0,0,0,0,0,0,0,0
SF11E59853,"Unnamed fire in Kings County, California",299.9999992549188,3419078573.4512157,14.982383999999996,17.679219000000003,0,161.25847799999997,2699.5211310000004,8.195601,0,3.62757,2.6744159999999995,1.648269,38.444367,0,0,0,0,0,0,0,0
SF11E59854,"Unnamed fire in Tomatlan, Jalisco, Mexico",299.9999992549188,0,0,0,0,0,0,0,0,0,0,0,0,0,0,0,0,0,0,0,0
SF11E59855,"Unnamed fire in Fergus County, Montana",1349.9999966471346,19572069396.871227,67.420764,79.55655599999997,0,725.6630039999998,12147.845153999995,36.88036199999999,0,16.323993,12.034731,7.417269000000001,172.99961100000002,0,0,0,0,0,0,0,0
SF11E59856,"Unnamed fire in Stormont, On, Canada",299.9999992549188,0,0,0,0,0,0,0,0,0,0,0,0,0,0,0,0,0,0,0,0
SF11E59857,"Unnamed fire in Elota, Sinaloa, Mexico",299.9999992549188,0,0,0,0,0,0,0,0,0,0,0,0,0,0,0,0,0,0,0,0
SF11E59858,"Unnamed fire in Kingman County, Kansas",299.9999992549188,3391742004.3463163,14.664698999999995,17.304420000000004,0,157.44536399999996,2662.587414,8.012073000000001,0,3.590112000000002,2.6120939999999995,1.6241129999999995,37.548846,0,0,0,0,0,0,0,0
SF11E59859,"Unnamed fire in Division No. 18, Sk, Canada",3899.9999903139446,0,0,0,0,0,0,0,0,0,0,0,0,0,0,0,0,0,0,0,0
SF11E59860,"Unnamed fire in Taylor County, Texas",299.9999992549188,769209485.348016,2.5911720000000003,3.057567000000001,0,26.348271,546.3307050000001,1.379271,0,0.7819109999999998,0.440628,0.327174,6.334329,0,0,0,0,0,0,0,0
SF11E59861,"Unnamed fire in Division No. 23, Mb, Canada",499.99999875819805,0,0,0,0,0,0,0,0,0,0,0,0,0,0,0,0,0,0,0,0
SF11E59864,"Unnamed fire in Yakima County, Washington",3029.9999924746808,37831896266.27721,144.484272,170.49147600000006,0,1583.3219789999998,24578.848995000004,79.733742,0,32.154348,26.191344,15.124793999999998,376.500423,0,0,0,0,0,0,0,0
SF11E59865,Unknown Fire,299.9999992549188,0,0,0,0,0,0,0,0,0,0,0,0,0,0,0,0,0,0,0,0
SF11E59866,"Unnamed fire in Walla Walla County, Washington",299.9999992549188,3419078573.4512157,14.982383999999996,17.679219000000003,0,161.25847799999997,2699.5211310000004,8.195601,0,3.62757,2.6744159999999995,1.648269,38.444367,0,0,0,0,0,0,0,0
SF11E59867,Unknown Fire,299.9999992549188,0,0,0,0,0,0,0,0,0,0,0,0,0,0,0,0,0,0,0,0
SF11E59868,"Unnamed fire in Hernando County, Florida",299.9999992549188,3296349160.4402375,13.594238999999996,16.041230999999993,0,144.622929,2536.771539,7.394337,0,3.461367,2.402502,1.541847,34.536489,0,0,0,0,0,0,0,0
SF11E59869,"Unnamed fire in Castro County, Texas",299.9999992549188,3296349160.4402375,13.594238999999996,16.041230999999993,0,144.622929,2536.771539,7.394337,0,3.461367,2.402502,1.541847,34.536489,0,0,0,0,0,0,0,0
SF11E59870,"Unnamed fire in Division No. 23, Mb, Canada",499.99999875819805,0,0,0,0,0,0,0,0,0,0,0,0,0,0,0,0,0,0,0,0
SF11E59871,"Unnamed fire in Division No. 23, Mb, Canada",15399.999961752499,0,0,0,0,0,0,0,0,0,0,0,0,0,0,0,0,0,0,0,0
SF11E59872,"Unnamed fire in Columbia County, Washington",299.9999992549188,3419078573.4512157,14.982383999999996,17.679219000000003,0,161.25847799999997,2699.5211310000004,8.195601,0,3.62757,2.6744159999999995,1.648269,38.444367,0,0,0,0,0,0,0,0
SF11E59874,"Unnamed fire in Karnes County, Texas",299.9999992549188,3296349160.4402375,13.594238999999996,16.041230999999993,0,144.622929,2536.771539,7.394337,0,3.461367,2.402502,1.541847,34.536489,0,0,0,0,0,0,0,0
SF11E59875,Unknown Fire,499.99999875819805,0,0,0,0,0,0,0,0,0,0,0,0,0,0,0,0,0,0,0,0
SF11E59876,"Unnamed fire in Karnes County, Texas",599.9999985098376,4065558645.7882533,16.185410999999995,19.098797999999995,0,170.9712,3083.102244,8.773608,0,4.243278,2.8431300000000004,1.8690209999999998,40.870818,0,0,0,0,0,0,0,0
SF11E59877,Unknown Fire,299.9999992549188,0,0,0,0,0,0,0,0,0,0,0,0,0,0,0,0,0,0,0,0
SF11E59878,"Unnamed fire in Clark County, South Dakota",299.9999992549188,3391742004.3463163,14.664698999999995,17.304420000000004,0,157.44536399999996,2662.587414,8.012073000000001,0,3.590112000000002,2.6120939999999995,1.6241129999999995,37.548846,0,0,0,0,0,0,0,0
SF11E59879,"Unnamed fire in Fort Smith Region, Nt, Canada",299.9999992549188,0,0,0,0,0,0,0,0,0,0,0,0,0,0,0,0,0,0,0,0
SF11E59880,"Unnamed fire in Palm Beach County, Florida",299.9999992549188,3296349160.4402375,13.594238999999996,16.041230999999993,0,144.622929,2536.771539,7.394337,0,3.461367,2.402502,1.541847,34.536489,0,0,0,0,0,0,0,0
SF11E59881,"Unnamed fire in Parras, Coahuila, Mexico",299.9999992549188,0,0,0,0,0,0,0,0,0,0,0,0,0,0,0,0,0,0,0,0
SF11E59882,"Unnamed fire in Villa De Cos, Zacatecas, Mexico",299.9999992549188,0,0,0,0,0,0,0,0,0,0,0,0,0,0,0,0,0,0,0,0
SF11E59884,"Unnamed fire in Chemax, Yucatan, Mexico",299.9999992549188,0,0,0,0,0,0,0,0,0,0,0,0,0,0,0,0,0,0,0,0
SF11E59885,"Unnamed fire in Monroe County, Illinois",299.9999992549188,7683523246.202436,50.325048,59.383568999999994,0,577.846845,7201.879724999998,28.424469000000002,0,8.556222,9.497012999999999,4.547889,136.51942200000002,0,0,0,0,0,0,0,0
SF11E59886,"Unnamed fire in Summit County, Utah",299.9999992549188,3320644732.8538294,16.481445,19.448115,0,181.567359,2754.4170239999994,9.118991999999999,0,3.5719440000000002,3.001263,1.6991640000000003,43.14297300000001,0,0,0,0,0,0,0,0
SF11E59887,"Unnamed fire in Williamson County, Texas",299.9999992549188,1460122765.790244,5.170706999999998,6.1014599999999986,0,53.25147,1055.4933659999997,2.7690569999999997,0,1.4927549999999998,0.8888669999999999,0.634476,12.777597000000004,0,0,0,0,0,0,0,0
SF11E59888,"Unnamed fire in Fort Smith Region, Nt, Canada",299.9999992549188,0,0,0,0,0,0,0,0,0,0,0,0,0,0,0,0,0,0,0,0
SF11E59892,Mile Marker 28 Fire,53109.89312523892,5498321247346.467,10888.644174000003,12848.600530999996,0,124548.17431700003,1582909.4674689998,6138.258393999999,0,1899.2522770000007,2048.0389190000005,997.0786399999995,29440.556979999994,0,0,0,0,0,0,0,0
SF11E59894,"Unnamed fire in Division No. 23, Mb, Canada",17899.99995554349,0,0,0,0,0,0,0,0,0,0,0,0,0,0,0,0,0,0,0,0
SF11E59899,"Unnamed fire in Division No. 22, Mb, Canada",33499.99991679925,0,0,0,0,0,0,0,0,0,0,0,0,0,0,0,0,0,0,0,0
SF11E59921,"Unnamed fire in Minganie--basse-côte-nord, Qc, Canada",12399.999969203313,0,0,0,0,0,0,0,0,0,0,0,0,0,0,0,0,0,0,0,0
SF11E60158,Flint Mesa Fire,703.9999982515429,1677925593.962928,3.7141300000000004,4.382652,0,38.10818800000001,765.4837620000002,1.9854640000000001,0,1.0865080000000003,0.6364800000000002,0.45964400000000005,9.149082000000002,0,0,0,0,0,0,0,0
SF11E60189,Fir Grove Fire,6559.897942891486,31925017654.844086,34.608254,40.837667999999994,0,355.0935679999999,7132.805932000001,18.500536000000004,0,10.124178,5.930580000000001,4.28278,85.25155800000002,0,0,0,0,0,0,0,0
SF11E60222,Davis Creek Fire,1005.9999975014945,3230974964.727812,5.3073739999999985,6.262728000000001,0,54.45574199999999,1093.8588859999998,2.8371800000000005,0,1.5526080000000002,0.9094699999999999,0.6567839999999997,13.073842000000003,0,0,0,0,0,0,0,0
SF11E60226,Tabor Creek Fire,1535.9999961851843,6571986701.040277,8.103526000000002,9.562155999999998,0,83.14514600000003,1670.146384,4.331887999999998,0,2.370553999999999,1.3886300000000003,1.0027920000000003,19.961643999999993,0,0,0,0,0,0,0,0
SF11E60242,Discovery Creek Fire,329.41320211585344,13003775133.582647,94.67545000000001,111.717058,0,1106.6436500000004,12540.743713999998,53.95837399999999,0,14.136238,18.144158000000004,8.021728000000001,260.822338,0,0,0,0,0,0,0,0
SF11E60248,Garden Complex,8.929292907116102,4369100.021646,0.144474,0.170474,0,1.4755960000000006,30.120316000000003,0.07706999999999999,0,0.04295000000000001,0.024679999999999997,0.018050000000000007,0.35452000000000017,0,0,0,0,0,0,0,0
SF11E60249,444 Fire,71.99999982118051,2273607074.9163485,79.03856400000001,93.26553600000003,0,963.5073840000002,8425.871047999997,46.027719999999995,0,7.826867999999999,15.710324000000002,5.613939999999999,225.83575599999998,0,0,0,0,0,0,0,0
SF11E60369,"Unnamed fire in Division No. 23, Mb, Canada",223899.99944392117,0,0,0,0,0,0,0,0,0,0,0,0,0,0,0,0,0,0,0,0
SF11E60371,"Unnamed fire in Mexicali, Baja California, Mexico",199.9999995032792,0,0,0,0,0,0,0,0,0,0,0,0,0,0,0,0,0,0,0,0
SF11E60372,"Unnamed fire in Mount Waddington Regional District, Bc, Canada",199.9999995032792,0,0,0,0,0,0,0,0,0,0,0,0,0,0,0,0,0,0,0,0
SF11E60375,"Unnamed fire in Yukon-koyukuk County, Alaska",199.9999995032792,5927553247.985354,78.056902,92.10713799999999,0,955.58861,8112.504212000001,45.55625799999999,0,7.32371,15.572670000000002,5.433634000000001,223.85713599999997,0,0,0,0,0,0,0,0
SF11E60376,"Unnamed fire in Minganie--basse-côte-nord, Qc, Canada",1199.9999970196752,0,0,0,0,0,0,0,0,0,0,0,0,0,0,0,0,0,0,0,0
SF11E60377,"Unnamed fire in East Kootenay Regional District, Bc, Canada",3199.9999920524674,0,0,0,0,0,0,0,0,0,0,0,0,0,0,0,0,0,0,0,0
SF11E60378,"Unnamed fire in Division No. 22, Mb, Canada",199.9999995032792,0,0,0,0,0,0,0,0,0,0,0,0,0,0,0,0,0,0,0,0
SF11E60379,"Unnamed fire in Comox-strathcona Regional District, Bc, Canada",199.9999995032792,0,0,0,0,0,0,0,0,0,0,0,0,0,0,0,0,0,0,0,0
SF11E60380,"Unnamed fire in Campeche, Campeche, Mexico",199.9999995032792,0,0,0,0,0,0,0,0,0,0,0,0,0,0,0,0,0,0,0,0
SF11E60381,"Unnamed fire in Cardenas, Tabasco, Mexico",199.9999995032792,0,0,0,0,0,0,0,0,0,0,0,0,0,0,0,0,0,0,0,0
SF11E60382,Unknown Fire,199.9999995032792,0,0,0,0,0,0,0,0,0,0,0,0,0,0,0,0,0,0,0,0
SF11E60383,"Unnamed fire in Bulkley-nechako Regional District, Bc, Canada",199.9999995032792,0,0,0,0,0,0,0,0,0,0,0,0,0,0,0,0,0,0,0,0
SF11E60384,"Unnamed fire in Minatitlan, Veracruz, Mexico",199.9999995032792,0,0,0,0,0,0,0,0,0,0,0,0,0,0,0,0,0,0,0,0
SF11E60385,"Unnamed fire in Division No. 23, Mb, Canada",199.9999995032792,0,0,0,0,0,0,0,0,0,0,0,0,0,0,0,0,0,0,0,0
SF11E60386,"Unnamed fire in Champoton, Campeche, Mexico",199.9999995032792,0,0,0,0,0,0,0,0,0,0,0,0,0,0,0,0,0,0,0,0
SF11E60387,Unknown Fire,199.9999995032792,0,0,0,0,0,0,0,0,0,0,0,0,0,0,0,0,0,0,0,0
SF11E60388,Unknown Fire,199.9999995032792,0,0,0,0,0,0,0,0,0,0,0,0,0,0,0,0,0,0,0,0
SF11E60389,"Unnamed fire in Comox-strathcona Regional District, Bc, Canada",199.9999995032792,0,0,0,0,0,0,0,0,0,0,0,0,0,0,0,0,0,0,0,0
SF11E60390,"Unnamed fire in Mexicali, Baja California, Mexico",399.9999990065584,0,0,0,0,0,0,0,0,0,0,0,0,0,0,0,0,0,0,0,0
SF11E60391,"Unnamed fire in Fraser Valley Regional District, Bc, Canada",399.9999990065584,0,0,0,0,0,0,0,0,0,0,0,0,0,0,0,0,0,0,0,0
SF11E60392,"Unnamed fire in Okanagan-similkameen Regional District, Bc, Canada",199.9999995032792,0,0,0,0,0,0,0,0,0,0,0,0,0,0,0,0,0,0,0,0
SF11E60393,"Unnamed fire in Blaine County, Oklahoma",199.9999995032792,2197566106.9601583,9.062825999999998,10.694153999999996,0,96.41528600000001,1691.181026,4.929558,0,2.307578,1.601668,1.027898,23.024326000000002,0,0,0,0,0,0,0,0
SF11E60394,Unknown Fire,199.9999995032792,0,0,0,0,0,0,0,0,0,0,0,0,0,0,0,0,0,0,0,0
SF11E60395,"Unnamed fire in Division No. 23, Mb, Canada",399.9999990065584,0,0,0,0,0,0,0,0,0,0,0,0,0,0,0,0,0,0,0,0
SF11E60396,"Unnamed fire in Santa Maria Totolapilla, Oaxaca, Mexico",199.9999995032792,0,0,0,0,0,0,0,0,0,0,0,0,0,0,0,0,0,0,0,0
SF11E60397,Tiny Two Fire,136.99999965974627,616560750.911638,2.2165300000000006,2.6155279999999994,0,22.639922,462.128784,1.1823439999999996,0,0.6587299999999999,0.378362,0.27710600000000013,5.439106000000001,0,0,0,0,0,0,0,0
SF11E60398,Unknown Fire,199.9999995032792,0,0,0,0,0,0,0,0,0,0,0,0,0,0,0,0,0,0,0,0
SF11E60399,"Unnamed fire in Division No. 22, Mb, Canada",3799.9999905623054,0,0,0,0,0,0,0,0,0,0,0,0,0,0,0,0,0,0,0,0
SF11E60400,"Unnamed fire in Lazaro Cardenas, Quintana Roo, Mexico",199.9999995032792,0,0,0,0,0,0,0,0,0,0,0,0,0,0,0,0,0,0,0,0
SF11E60401,"Unnamed fire in Solidaridad, Quintana Roo, Mexico",199.9999995032792,0,0,0,0,0,0,0,0,0,0,0,0,0,0,0,0,0,0,0,0
SF11E60402,"Unnamed fire in Palenque, Chiapas, Mexico",199.9999995032792,0,0,0,0,0,0,0,0,0,0,0,0,0,0,0,0,0,0,0,0
SF11E60403,"Unnamed fire in Cordoba, Veracruz, Mexico",199.9999995032792,0,0,0,0,0,0,0,0,0,0,0,0,0,0,0,0,0,0,0,0
SF11E60404,Unknown Fire,199.9999995032792,0,0,0,0,0,0,0,0,0,0,0,0,0,0,0,0,0,0,0,0
SF11E60405,"Unnamed fire in Division No. 23, Mb, Canada",1399.9999965229545,0,0,0,0,0,0,0,0,0,0,0,0,0,0,0,0,0,0,0,0
SF11E60406,"Unnamed fire in Presidio County, Texas",299.9999992549188,705399535.140686,2.3368460000000004,2.757509999999999,0,23.862129999999997,487.555812,1.2463720000000003,0,0.6951539999999998,0.39882,0.29231399999999996,5.732987999999999,0,0,0,0,0,0,0,0
SF11E60407,"Unnamed fire in Mount Waddington Regional District, Bc, Canada",199.9999995032792,0,0,0,0,0,0,0,0,0,0,0,0,0,0,0,0,0,0,0,0
SF11E60408,Unknown Fire,199.9999995032792,0,0,0,0,0,0,0,0,0,0,0,0,0,0,0,0,0,0,0,0
SF11E60409,"Unnamed fire in Othon P. Blanco, Quintana Roo, Mexico",199.9999995032792,0,0,0,0,0,0,0,0,0,0,0,0,0,0,0,0,0,0,0,0
SF11E60410,"Unnamed fire in San Pedro Quiatoni, Oaxaca, Mexico",199.9999995032792,0,0,0,0,0,0,0,0,0,0,0,0,0,0,0,0,0,0,0,0
SF11E60411,Unknown Fire,199.9999995032792,0,0,0,0,0,0,0,0,0,0,0,0,0,0,0,0,0,0,0,0
SF11E60412,"Unnamed fire in Minganie--basse-côte-nord, Qc, Canada",599.9999985098376,0,0,0,0,0,0,0,0,0,0,0,0,0,0,0,0,0,0,0,0
SF11E60413,"Unnamed fire in Division No. 10, Nl, Canada",399.9999990065584,0,0,0,0,0,0,0,0,0,0,0,0,0,0,0,0,0,0,0,0
SF11E60414,"Unnamed fire in Minganie--basse-côte-nord, Qc, Canada",199.9999995032792,0,0,0,0,0,0,0,0,0,0,0,0,0,0,0,0,0,0,0,0
SF11E60415,"Unnamed fire in Division No. 23, Mb, Canada",199.9999995032792,0,0,0,0,0,0,0,0,0,0,0,0,0,0,0,0,0,0,0,0
SF11E60416,"Unnamed fire in Jose Maria Morelos, Quintana Roo, Mexico",199.9999995032792,0,0,0,0,0,0,0,0,0,0,0,0,0,0,0,0,0,0,0,0
SF11E60417,"Unnamed fire in Division No.  1, Mb, Canada",399.9999990065584,0,0,0,0,0,0,0,0,0,0,0,0,0,0,0,0,0,0,0,0
SF11E60418,"Unnamed fire in Collier County, Florida",199.9999995032792,2197566106.9601583,9.062825999999998,10.694153999999996,0,96.41528600000001,1691.181026,4.929558,0,2.307578,1.601668,1.027898,23.024326000000002,0,0,0,0,0,0,0,0
SF11E60419,"Unnamed fire in Kenora District, On, Canada",199.9999995032792,0,0,0,0,0,0,0,0,0,0,0,0,0,0,0,0,0,0,0,0
SF11E60420,"Unnamed fire in Juan R. Escudero, Guerrero, Mexico",199.9999995032792,0,0,0,0,0,0,0,0,0,0,0,0,0,0,0,0,0,0,0,0
SF11E60421,Unknown Fire,199.9999995032792,0,0,0,0,0,0,0,0,0,0,0,0,0,0,0,0,0,0,0,0
SF11E60422,"Unnamed fire in Suwannee County, Florida",199.9999995032792,414077496.2078839,1.467876,1.7320959999999999,0,15.120706,299.45771999999994,0.7861360000000003,0,0.4234300000000001,0.252368,0.180012,3.628060000000001,0,0,0,0,0,0,0,0
SF11E60423,"Unnamed fire in Hamilton County, Florida",139.99999965229543,1159741718.1051118,4.97971,5.876044,0,52.96574799999999,929.814648,2.708334,0,1.2690279999999996,0.8799060000000001,0.565072,12.648821999999997,0,0,0,0,0,0,0,0
SF11E60424,"Unnamed fire in Mexicali, Baja California, Mexico",199.9999995032792,0,0,0,0,0,0,0,0,0,0,0,0,0,0,0,0,0,0,0,0
SF11E60425,"Unnamed fire in Division No.  1, Ab, Canada",199.9999995032792,0,0,0,0,0,0,0,0,0,0,0,0,0,0,0,0,0,0,0,0
SF11E60426,Unknown Fire,199.9999995032792,0,0,0,0,0,0,0,0,0,0,0,0,0,0,0,0,0,0,0,0
SF11E60427,"Unnamed fire in Fort Smith Region, Nt, Canada",599.9999985098376,0,0,0,0,0,0,0,0,0,0,0,0,0,0,0,0,0,0,0,0
SF11E60428,Unknown Fire,199.9999995032792,0,0,0,0,0,0,0,0,0,0,0,0,0,0,0,0,0,0,0,0
SF11E60429,Unknown Fire,199.9999995032792,0,0,0,0,0,0,0,0,0,0,0,0,0,0,0,0,0,0,0,0
SF11E60430,"Unnamed fire in Division No. 23, Mb, Canada",199.9999995032792,0,0,0,0,0,0,0,0,0,0,0,0,0,0,0,0,0,0,0,0
SF11E60431,Unknown Fire,199.9999995032792,0,0,0,0,0,0,0,0,0,0,0,0,0,0,0,0,0,0,0,0
SF11E60432,"Unnamed fire in Jose Maria Morelos, Quintana Roo, Mexico",199.9999995032792,0,0,0,0,0,0,0,0,0,0,0,0,0,0,0,0,0,0,0,0
SF11E60433,"Unnamed fire in Ursulo Galvan, Veracruz, Mexico",199.9999995032792,0,0,0,0,0,0,0,0,0,0,0,0,0,0,0,0,0,0,0,0
SF11E60434,"Unnamed fire in Division No. 23, Mb, Canada",199.9999995032792,0,0,0,0,0,0,0,0,0,0,0,0,0,0,0,0,0,0,0,0
SF11E60435,"Unnamed fire in Central Coast Regional District, Bc, Canada",199.9999995032792,0,0,0,0,0,0,0,0,0,0,0,0,0,0,0,0,0,0,0,0
SF11E60436,Unknown Fire,199.9999995032792,0,0,0,0,0,0,0,0,0,0,0,0,0,0,0,0,0,0,0,0
SF11E60437,"Unnamed fire in Othon P. Blanco, Quintana Roo, Mexico",199.9999995032792,0,0,0,0,0,0,0,0,0,0,0,0,0,0,0,0,0,0,0,0
SF11E60438,"Unnamed fire in Comalcalco, Tabasco, Mexico",199.9999995032792,0,0,0,0,0,0,0,0,0,0,0,0,0,0,0,0,0,0,0,0
SF11E60439,Unknown Fire,199.9999995032792,0,0,0,0,0,0,0,0,0,0,0,0,0,0,0,0,0,0,0,0
SF11E60440,"Unnamed fire in Harney County, Oregon",1199.9999970196752,4390400322.321733,5.950003999999998,7.021004000000001,0,60.45236,1257.0818219999999,3.165928000000001,0,1.8004440000000004,1.0111200000000002,0.7526120000000001,14.534954000000003,0,0,0,0,0,0,0,0
SF11E60441,Unknown Fire,199.9999995032792,0,0,0,0,0,0,0,0,0,0,0,0,0,0,0,0,0,0,0,0
SF11E60442,"Unnamed fire in Pulaski County, Kentucky",199.9999995032792,2261161336.2308774,9.776465999999997,11.536280000000003,0,104.96357599999997,1775.058276,5.341382,0,2.3934080000000013,1.7413959999999997,1.0827419999999996,25.032564,0,0,0,0,0,0,0,0
SF11E60443,"Unnamed fire in Taylor County, Texas",199.9999995032792,512806323.56534404,1.7274480000000003,2.0383780000000007,0,17.565514,364.2204700000001,0.9195139999999999,0,0.5212739999999999,0.293752,0.218116,4.222886,0,0,0,0,0,0,0,0
SF11E60444,Unknown Fire,199.9999995032792,0,0,0,0,0,0,0,0,0,0,0,0,0,0,0,0,0,0,0,0
SF11E60445,"Unnamed fire in Division No. 23, Mb, Canada",199.9999995032792,0,0,0,0,0,0,0,0,0,0,0,0,0,0,0,0,0,0,0,0
SF11E60446,"Unnamed fire in Powell River Regional District, Bc, Canada",199.9999995032792,0,0,0,0,0,0,0,0,0,0,0,0,0,0,0,0,0,0,0,0
SF11E60447,Unknown Fire,199.9999995032792,0,0,0,0,0,0,0,0,0,0,0,0,0,0,0,0,0,0,0,0
SF11E60448,"Unnamed fire in Tattnall County, Georgia",139.99999965229543,276968683.976238,1.02754,1.212476,0,10.584478,209.62039000000001,0.5503199999999999,0,0.29643200000000003,0.17668600000000004,0.126006,2.539636,0,0,0,0,0,0,0,0
SF11E60449,"Unnamed fire in Bulkley-nechako Regional District, Bc, Canada",199.9999995032792,0,0,0,0,0,0,0,0,0,0,0,0,0,0,0,0,0,0,0,0
SF11E60450,Unknown Fire,199.9999995032792,0,0,0,0,0,0,0,0,0,0,0,0,0,0,0,0,0,0,0,0
SF11E60451,"Unnamed fire in Division No. 23, Mb, Canada",199.9999995032792,0,0,0,0,0,0,0,0,0,0,0,0,0,0,0,0,0,0,0,0
SF11E60452,Unknown Fire,199.9999995032792,0,0,0,0,0,0,0,0,0,0,0,0,0,0,0,0,0,0,0,0
SF11E60453,Unknown Fire,199.9999995032792,0,0,0,0,0,0,0,0,0,0,0,0,0,0,0,0,0,0,0,0
SF11E60454,"Unnamed fire in Centro, Tabasco, Mexico",199.9999995032792,0,0,0,0,0,0,0,0,0,0,0,0,0,0,0,0,0,0,0,0
SF11E60455,Unknown Fire,199.9999995032792,0,0,0,0,0,0,0,0,0,0,0,0,0,0,0,0,0,0,0,0
SF11E60456,Unknown Fire,199.9999995032792,0,0,0,0,0,0,0,0,0,0,0,0,0,0,0,0,0,0,0,0
SF11E60457,"Unnamed fire in Peace River Regional District, Bc, Canada",199.9999995032792,0,0,0,0,0,0,0,0,0,0,0,0,0,0,0,0,0,0,0,0
SF11E60458,"Unnamed fire in Champoton, Campeche, Mexico",199.9999995032792,0,0,0,0,0,0,0,0,0,0,0,0,0,0,0,0,0,0,0,0
SF11E60459,"Unnamed fire in Jose Maria Morelos, Quintana Roo, Mexico",199.9999995032792,0,0,0,0,0,0,0,0,0,0,0,0,0,0,0,0,0,0,0,0
SF11E60460,"Unnamed fire in Huixtla, Chiapas, Mexico",199.9999995032792,0,0,0,0,0,0,0,0,0,0,0,0,0,0,0,0,0,0,0,0
SF11E60461,"Unnamed fire in Hopelchen, Campeche, Mexico",199.9999995032792,0,0,0,0,0,0,0,0,0,0,0,0,0,0,0,0,0,0,0,0
SF11E60462,"Unnamed fire in Division No. 23, Mb, Canada",199.9999995032792,0,0,0,0,0,0,0,0,0,0,0,0,0,0,0,0,0,0,0,0
SF11E60463,"Unnamed fire in Division No. 23, Mb, Canada",199.9999995032792,0,0,0,0,0,0,0,0,0,0,0,0,0,0,0,0,0,0,0,0
SF11E60464,"Unnamed fire in Benito Juarez, Quintana Roo, Mexico",199.9999995032792,0,0,0,0,0,0,0,0,0,0,0,0,0,0,0,0,0,0,0,0
SF11E60465,"Unnamed fire in Deer Lodge County, Montana",91.99999977150844,2746883041.590466,27.726616000000003,32.71742,0,327.8207579999999,3480.415112,15.894571999999997,0,3.765984,5.366652,2.247355999999999,77.14563600000001,0,0,0,0,0,0,0,0
SF11E60466,"Unnamed fire in Division No. 23, Mb, Canada",199.9999995032792,0,0,0,0,0,0,0,0,0,0,0,0,0,0,0,0,0,0,0,0
SF11E60467,"Unnamed fire in San Diego County, California",399.9999990065584,5098463870.229482,19.976544000000008,23.572284000000007,0,215.01127999999997,3599.3615439999994,10.927522000000003,0,4.836728000000002,3.565858,2.1976800000000005,51.259150000000005,0,0,0,0,0,0,0,0
SF11E60468,"Unnamed fire in Division No. 23, Mb, Canada",1599.9999960262337,0,0,0,0,0,0,0,0,0,0,0,0,0,0,0,0,0,0,0,0
SF11E60469,"Unnamed fire in Gila County, Arizona",1199.9999970196752,32827477321.538795,55.89062800000001,65.95092200000002,0,597.2511200000001,10292.594704000001,30.46646000000001,0,13.964537999999997,9.915406,6.266520000000001,142.53369999999998,0,0,0,0,0,0,0,0
SF11E60470,Unknown Fire,199.9999995032792,0,0,0,0,0,0,0,0,0,0,0,0,0,0,0,0,0,0,0,0
SF11E60471,Unknown Fire,199.9999995032792,0,0,0,0,0,0,0,0,0,0,0,0,0,0,0,0,0,0,0,0
SF11E60472,Unknown Fire,199.9999995032792,0,0,0,0,0,0,0,0,0,0,0,0,0,0,0,0,0,0,0,0
SF11E60473,"Unnamed fire in Juarez, Chiapas, Mexico",199.9999995032792,0,0,0,0,0,0,0,0,0,0,0,0,0,0,0,0,0,0,0,0
SF11E60474,"Unnamed fire in Veracruz, Veracruz, Mexico",199.9999995032792,0,0,0,0,0,0,0,0,0,0,0,0,0,0,0,0,0,0,0,0
SF11E60475,"Unnamed fire in Xalapa Enriquez, Veracruz, Mexico",199.9999995032792,0,0,0,0,0,0,0,0,0,0,0,0,0,0,0,0,0,0,0,0
SF11E60476,"Unnamed fire in Liberty County, Texas",139.99999965229543,1406559524.3622165,7.2751540000000015,8.584724000000003,0,80.05720800000002,1220.4546339999997,4.023039999999999,0,1.5857119999999998,1.3235360000000003,0.7524840000000002,19.025709999999993,0,0,0,0,0,0,0,0
SF11E60477,"Unnamed fire in Ocosingo, Chiapas, Mexico",199.9999995032792,0,0,0,0,0,0,0,0,0,0,0,0,0,0,0,0,0,0,0,0
SF11E60479,"Unnamed fire in Merida, Yucatan, Mexico",199.9999995032792,0,0,0,0,0,0,0,0,0,0,0,0,0,0,0,0,0,0,0,0
SF11E60480,"Unnamed fire in Comox-strathcona Regional District, Bc, Canada",199.9999995032792,0,0,0,0,0,0,0,0,0,0,0,0,0,0,0,0,0,0,0,0
SF11E60481,"Unnamed fire in San Andres Tenejapan, Veracruz, Mexico",199.9999995032792,0,0,0,0,0,0,0,0,0,0,0,0,0,0,0,0,0,0,0,0
SF11E60482,"Unnamed fire in Coatzacoalcos, Veracruz, Mexico",199.9999995032792,0,0,0,0,0,0,0,0,0,0,0,0,0,0,0,0,0,0,0,0
SF11E60483,Unknown Fire,199.9999995032792,0,0,0,0,0,0,0,0,0,0,0,0,0,0,0,0,0,0,0,0
SF11E60484,"Unnamed fire in Hardee County, Florida",199.9999995032792,2197566106.9601583,9.062825999999998,10.694153999999996,0,96.41528600000001,1691.181026,4.929558,0,2.307578,1.601668,1.027898,23.024326000000002,0,0,0,0,0,0,0,0
SF11E60485,"Unnamed fire in Kenora District, On, Canada",199.9999995032792,0,0,0,0,0,0,0,0,0,0,0,0,0,0,0,0,0,0,0,0
SF11E60486,"Unnamed fire in Lincoln County, New Mexico",299.9999992549188,705399535.140686,2.3368460000000004,2.757509999999999,0,23.862129999999997,487.555812,1.2463720000000003,0,0.6951539999999998,0.39882,0.29231399999999996,5.732987999999999,0,0,0,0,0,0,0,0
SF11E60487,"Unnamed fire in Central Coast Regional District, Bc, Canada",199.9999995032792,0,0,0,0,0,0,0,0,0,0,0,0,0,0,0,0,0,0,0,0
SF11E60488,"Unnamed fire in Comox-strathcona Regional District, Bc, Canada",199.9999995032792,0,0,0,0,0,0,0,0,0,0,0,0,0,0,0,0,0,0,0,0
SF11E60489,"Unnamed fire in Tenabo, Campeche, Mexico",199.9999995032792,0,0,0,0,0,0,0,0,0,0,0,0,0,0,0,0,0,0,0,0
SF11E60490,Unknown Fire,199.9999995032792,0,0,0,0,0,0,0,0,0,0,0,0,0,0,0,0,0,0,0,0
SF11E60491,Unknown Fire,199.9999995032792,0,0,0,0,0,0,0,0,0,0,0,0,0,0,0,0,0,0,0,0
SF11E60492,"Unnamed fire in St. John The Baptist County, Louisiana",199.9999995032792,2197566106.9601583,9.062825999999998,10.694153999999996,0,96.41528600000001,1691.181026,4.929558,0,2.307578,1.601668,1.027898,23.024326000000002,0,0,0,0,0,0,0,0
SF11E60493,"Unnamed fire in San Pedro Totolapa, Oaxaca, Mexico",199.9999995032792,0,0,0,0,0,0,0,0,0,0,0,0,0,0,0,0,0,0,0,0
SF11E60494,Brown's Creek Fire,215.99999946354157,4672951373.248696,29.089442,34.325545999999996,0,331.22778199999993,4306.514816000001,16.361286000000003,0,5.225080000000002,5.449991999999999,2.704896000000001,78.34384599999998,0,0,0,0,0,0,0,0
SF11E60495,"Unnamed fire in Mexicali, Baja California, Mexico",199.9999995032792,0,0,0,0,0,0,0,0,0,0,0,0,0,0,0,0,0,0,0,0
SF11E60496,Unknown Fire,199.9999995032792,0,0,0,0,0,0,0,0,0,0,0,0,0,0,0,0,0,0,0,0
SF11E60497,"Unnamed fire in Hopelchen, Campeche, Mexico",199.9999995032792,0,0,0,0,0,0,0,0,0,0,0,0,0,0,0,0,0,0,0,0
SF11E60498,"Unnamed fire in Bannock County, Idaho",399.9999990065584,677412234.1318558,2.1103000000000005,2.490132,0,21.652366000000004,434.9339340000001,1.1280779999999997,0,0.6173399999999998,0.36162800000000006,0.26116399999999995,5.198346000000001,0,0,0,0,0,0,0,0
SF11E60499,"Unnamed fire in Central Coast Regional District, Bc, Canada",199.9999995032792,0,0,0,0,0,0,0,0,0,0,0,0,0,0,0,0,0,0,0,0
SF11E60500,Unknown Fire,199.9999995032792,0,0,0,0,0,0,0,0,0,0,0,0,0,0,0,0,0,0,0,0
SF11E60501,"Unnamed fire in Dzilam De Bravo, Yucatan, Mexico",199.9999995032792,0,0,0,0,0,0,0,0,0,0,0,0,0,0,0,0,0,0,0,0
SF11E60502,"Unnamed fire in Lazaro Cardenas, Quintana Roo, Mexico",199.9999995032792,0,0,0,0,0,0,0,0,0,0,0,0,0,0,0,0,0,0,0,0
SF11E60503,Unknown Fire,199.9999995032792,0,0,0,0,0,0,0,0,0,0,0,0,0,0,0,0,0,0,0,0
SF11E60504,"Unnamed fire in Macuspana, Tabasco, Mexico",199.9999995032792,0,0,0,0,0,0,0,0,0,0,0,0,0,0,0,0,0,0,0,0
SF11E60505,Unknown Fire,199.9999995032792,0,0,0,0,0,0,0,0,0,0,0,0,0,0,0,0,0,0,0,0
SF11E60506,"Unnamed fire in Mount Waddington Regional District, Bc, Canada",199.9999995032792,0,0,0,0,0,0,0,0,0,0,0,0,0,0,0,0,0,0,0,0
SF11E60507,"Unnamed fire in Ensenada, Baja California, Mexico",599.9999985098376,0,0,0,0,0,0,0,0,0,0,0,0,0,0,0,0,0,0,0,0
SF11E60534,"Unnamed fire in Division No. 23, Mb, Canada",19099.999952563172,0,0,0,0,0,0,0,0,0,0,0,0,0,0,0,0,0,0,0,0
SF11E60587,"Unnamed fire in Division No. 23, Mb, Canada",4199.999989568863,0,0,0,0,0,0,0,0,0,0,0,0,0,0,0,0,0,0,0,0
SF11E60672,"Unnamed fire in Division No. 23, Mb, Canada",10099.9999749156,0,0,0,0,0,0,0,0,0,0,0,0,0,0,0,0,0,0,0,0
SF11E60907,Labrador Fire,3971.074064211501,536119218978.6136,1149.9743409999999,1356.9696239999998,0,12828.451675000004,183948.38575800002,640.221325,0,233.20744799999994,211.67789100000002,114.1919,3042.869309,0,0,0,0,0,0,0,0
SF11E60911,Twin Lakes Fire,12.555298160717923,42226581.868265,4.5715699999999995,5.394506000000001,0,54.31039600000001,560.5029480000001,2.627098,0,0.5949760000000002,0.888524,0.363469,12.772695000000002,0,0,0,0,0,0,0,0
SF11E61294,Bean Fire,163.99999959268897,8748613333.133585,95.941028,113.21041600000001,0,1138.2803199999998,11839.995587999998,55.09658,0,12.636312,18.625871999999998,7.668776000000001,267.7471520000001,0,0,0,0,0,0,0,0
SF11E63678,"Unnamed fire in Division No. 22, Mb, Canada",17699.999956040214,0,0,0,0,0,0,0,0,0,0,0,0,0,0,0,0,0,0,0,0
SF11E64877,Moving River Fire,6274.658212264333,3367740697587.1313,14385.920619999999,16975.386354,0,177285.67901800002,1434805.8908359997,8425.003958000003,0,1232.422016,2886.667747999999,969.4517460000001,41495.848786,0,0,0,0,0,0,0,0
SF11E65577,Brimstone Fire,2788.9527051115,202926912379.99054,805.941102,951.0104329999996,0,8991.592116000002,128866.96094100016,448.71297900000064,0,163.341968,148.36520700000008,80.00252399999995,2132.745663000001,0,0,0,0,0,0,0,0
SF11E66985,"Unnamed fire in Fort Smith Region, Nt, Canada",16399.99995926887,0,0,0,0,0,0,0,0,0,0,0,0,0,0,0,0,0,0,0,0
SF11E67975,Mulchatna River Fire,4.31064571355235,7370367.391326001,1.0843620000000003,1.2795979999999998,0,12.622198000000003,146.37409999999997,0.6167179999999999,0,0.16722000000000004,0.20705799999999994,0.093294,2.9765499999999996,0,0,0,0,0,0,0,0
SF11E67986,Prospect Creek Fire,401.9790349224768,14070829741.456911,146.36734899999996,172.713419,0,1738.839186,17945.447242999995,84.111765,0,19.049057000000012,28.448027,11.637135999999998,408.94004099999995,0,0,0,0,0,0,0,0
SF11E68711,Papoose Fire,1001.2342640477732,35578774097.86616,211.08629799999997,249.08191800000003,0,2413.65565,30728.620807,118.97530300000003,0,36.90135600000001,39.691435999999996,19.351789999999994,570.5637640000002,0,0,0,0,0,0,0,0
SF11E68951,Ray River 2 Fire,6951.572710007776,874893851953.0233,2400.230504,2832.271964,0,28153.447976000003,312903.522772,1370.3795479999999,0,348.59764800000005,461.38033399999995,200.70174400000002,6632.34228,0,0,0,0,0,0,0,0
SF11E69448,Moose Meadows Fire,6942.622933576944,822144727268.185,3844.787944,4536.8498549999995,0,45979.68092599999,455734.07447100006,2216.9714069999995,0,469.929438,751.5870659999997,297.38930999999997,10804.063818999995,0,0,0,0,0,0,0,0
SF11E70017,Sandless Lake Fire,1990.990410390631,731953636065.213,3810.6078319999992,4496.517212,0,46922.071906,382025.27319599997,2230.708554,0,330.275906,764.0917519999998,257.83520799999997,10983.818609999998,0,0,0,0,0,0,0,0
SF11E70926,Milepost 10 Fire,77160.83918152656,408433673145.1532,425.04226400000005,501.5500520000001,0,4367.226031,87285.99315100003,227.36691900000008,0,123.72587699999998,72.92338099999999,52.431672999999996,1048.27173,0,0,0,0,0,0,0,0
SF11E70935,Tetlin Jct. Ridge Fire,466.2696617633191,21117276563.932755,157.47959000000003,185.82587599999997,0,1836.9330219999997,21056.536417999996,89.65787800000001,0,23.896266,30.126164000000003,13.447251999999999,433.06301200000007,0,0,0,0,0,0,0,0
SF11E70948,Hardluck Fire,4843.799987969927,800450682770.3353,2659.9815159999994,3138.778245000001,0,31579.784779,327196.10313,1528.0774340000005,0,348.2618659999998,516.7008679999999,212.05207500000003,7427.573301999996,0,0,0,0,0,0,0,0
SF11E70954,California Point Fire,7321.753647504827,1087187527302.2412,4162.255663000001,4911.461357999999,0,49378.78058300001,513856.2104980005,2390.189222000001,0,548.586225,808.0019049999994,332.8031010000003,11615.028673000003,0,0,0,0,0,0,0,0
SF11E71363,Gold Pan Complex,16263.084762295777,1409066272875.425,3731.2963189999996,4402.9295759999995,0,42946.664086000004,528674.508125,2110.0482550000006,0,624.08287,705.6058089999998,334.38904499999995,10143.079393000002,0,0,0,0,0,0,0,0
SF11E71693,Little Mud Fire,6790.11426885033,1255960002385.567,5565.745484,6567.579605000001,0,68083.63926300002,581202.714116,3247.0074619999996,0,527.557834,1109.6312050000001,388.8958410000001,15950.948162,0,0,0,0,0,0,0,0
SF11E72157,Emigrant Fire,6.9063436691407025,9055504.472888,1.4560800000000005,1.7181399999999996,0,16.648960000000006,211.96077600000004,0.8206920000000001,0,0.25455200000000006,0.27377200000000007,0.13352399999999995,3.9356319999999996,0,0,0,0,0,0,0,0
SF11E83606,Thunder City Fire,3414.541507765122,323008489416.046,1432.3054690000004,1690.1204009999997,0,17212.922901,165443.090588,827.9723319999999,0,166.6377,281.183216,108.491357,4042.009692999999,0,0,0,0,0,0,0,0
SF11E84466,Lodgepole Fire,7261.859786974915,433634765297.1002,1522.831874,1796.9415880000001,0,17758.040438,203883.019612,866.8666980000002,0,231.59437400000002,291.24716399999994,130.176236,4186.68011,0,0,0,0,0,0,0,0
SF11E87031,Sunnyside Turnoff Fire,3463.069131365382,17387706458.291515,125.869292,148.525724,0,1475.9678640000006,16430.091624000008,71.85312400000002,0,18.321956000000007,24.189052,10.536099999999996,347.7188960000001,0,0,0,0,0,0,0,0
SF11E91891,Big Windy Complex,5835.366957984333,683344413331.7941,1689.850736,1994.0237529999997,0,18851.001580000004,270306.298777,940.7850960000002,0,342.69081900000003,311.05401400000005,167.80119200000001,4471.399747,0,0,0,0,0,0,0,0
SF11E97110,Whiskey Complex,8480.687578554805,713197315391.0953,1923.6985470000004,2269.964154,0,22078.969383000003,275784.999987,1086.3040979999996,0,328.01880199999994,362.892571,174.104497,5216.582264000001,0,0,0,0,0,0,0,0
